ID_Pivot,Deleted,Post_Deletion_ID,Retailer_promotion_number_1,Salitix_client_number,Salitix_customer_number,Retailer_promotion_number_2,Retailer_promotion_description,Promo_period,Promo_funding_type,Instore_Start_Date,Instore_End_Date,Buy_In_Start_Date,Buy_In_End_Date,Outer_Case_Code,Retailer_Product_Number,Retailer_Product_Number_2,Retailer_Product_Description,Retailer_Product_Unit_Size,Retailer_Case_Size,Retailer_product_vat_rate,Feature_space_fee,Positioning_fee,Standard_Selling_Price,Promotional_Selling_Price,Standard_Case_Cost,Promotional_Case_Cost,Standard_margin_perc,Promo_margin_perc,Promo_Retro_Funding_Case,Promo_Retro_Start_Date,Promo_Retro_End_Date,Retailer_Promo_Funding_Perc,Supplier_Promo_Funding_Perc,Trigger_Unit_Qty,Trigger_Funding_Amount,Epos_Funding_Amount,Standard_Volume_Forecast,Promo_Volume_Forecast,Retail_Promo_Comments,Data_Source
1,,,1,,SAI01,,Cycle 16 - Chambord 20cl,,E,22/01/2020,11/02/2020,22/01/2020,11/02/2020,,6510463,,,,6,20.0,0,0,,,29.58,29.58,,,,22/01/2020,11/02/2020,,,1,0,0.250000,,,Core Only,PRF-2020-01-310833.pdf
2,,,2,,SAI01,,Cycle 16 - Martini Fiero - £10,,E,22/01/2020,11/02/2020,22/01/2020,11/02/2020,,7965705,,,,6,20.0,0,0,,,45.0,45.0,,,,22/01/2020,11/02/2020,,,1,0,1.000000,,,Core Only,PRF-2020-01-310834.pdf
3,,,3,,SAI01,,Cycle 16 - JD Master Distiller 70cl,,E,22/01/2020,11/02/2020,22/01/2020,11/02/2020,,7746307,,,,6,20.0,0,0,,,105.1,105.1,,,,22/01/2020,11/02/2020,,,1,0,0.200000,,,Core Only,PRF-2020-01-310956.pdf
4,,,4,,SAI01,,Cycle 18 - JD Master Distiller 70cl,,E,04/03/2020,24/03/2020,04/03/2020,24/03/2020,,7746307,,,,6,20.0,0,0,,,105.1,105.1,,,,04/03/2020,24/03/2020,,,1,0,0.200000,,,Core Only,PRF-2020-01-310957.pdf
5,,,5,,SAI01,,Cycle 17-Bacardi Carta Blanca 1L,,E,12/02/2020,03/03/2020,12/02/2020,03/03/2020,,2397870,,,,6,20.0,0,0,,,87.67,87.67,,,,12/02/2020,03/03/2020,,,1,0,0.590000,,,Core Only,PRF-2020-01-311029.pdf
6,,,6,,SAI01,,Cycle 17 - Bombay Sapphire 1L,,E,12/02/2020,03/03/2020,12/02/2020,03/03/2020,,3355909,,,,6,20.0,0,0,,,100.9,100.9,,,,12/02/2020,03/03/2020,,,1,0,0.150000,,,Core Only,PRF-2020-01-311032.pdf
7,,,7,,SAI01,,Cycle 17 - Woodford Reserve,,E,12/02/2020,03/03/2020,12/02/2020,03/03/2020,,7767380,,,,6,20.0,0,0,,,121.14,121.14,,,,12/02/2020,03/03/2020,,,1,0,1.640000,,,Core Only,PRF-2020-01-311275.pdf
8,,,8,,SAI01,,Cycle 17 - St Germain 20cl,,E,12/02/2020,03/03/2020,12/02/2020,03/03/2020,,7988455,,,,6,20.0,0,0,,,32.4,32.4,,,,12/02/2020,03/03/2020,,,1,0,0.900000,,,Core Only,PRF-2020-01-312716.pdf
9,,,9,,SAI01,,Cycle 17 - Bombay Sapphire 35cl,,E,12/02/2020,03/03/2020,12/02/2020,03/03/2020,,7988453,,,,6,20.0,0,0,,,46.0,46.0,,,,12/02/2020,03/03/2020,,,1,0,0.580000,,,Core Only,PRF-2020-01-312717.pdf
10,,,10,,SAI01,,Cycle 18 - Bacardi 70cl,,E,04/03/2020,24/03/2020,04/03/2020,24/03/2020,,7988439,,,,6,20.0,0,0,,,62.43,62.43,,,,04/03/2020,24/03/2020,,,1,0,0.420000,,,Core Only,PRF-2020-02-315612.pdf
11,,,11,,SAI01,,Cycle 18 - Bacardi 70cl,,E,04/03/2020,24/03/2020,04/03/2020,24/03/2020,,2377216,,,,6,20.0,0,0,,,68.85,68.85,,,,04/03/2020,24/03/2020,,,1,0,0.380000,,,Core Only,PRF-2020-02-315612.pdf
12,,,12,,SAI01,,Cycle 18 - Bacardi 70cl,,E,04/03/2020,24/03/2020,04/03/2020,24/03/2020,,7967008,,,,6,20.0,0,0,,,63.4,63.4,,,,04/03/2020,24/03/2020,,,1,0,0.470000,,,Core Only,PRF-2020-02-315612.pdf
13,,,13,,SAI01,,Cycle 1 - Jack Daniels 70cl - £16,,E,25/03/2020,14/04/2020,25/03/2020,14/04/2020,,2044514,,,,6,20.0,0,0,,,102.57,102.57,,,,25/03/2020,14/04/2020,,,1,0,0.900000,,,Core Only,PRF-2020-03-317145.pdf
14,,,14,,SAI01,,Cycle 1 - Jack Daniels 70cl - £16,,E,25/03/2020,14/04/2020,25/03/2020,14/04/2020,,7587895,,,,6,20.0,0,0,,,97.19,97.19,,,,25/03/2020,14/04/2020,,,1,0,1.150000,,,Core Only,PRF-2020-03-317145.pdf
15,,,15,,SAI01,,Cycle 1 - Jack Daniels 70cl - £16,,E,25/03/2020,14/04/2020,25/03/2020,14/04/2020,,7785585,,,,6,20.0,0,0,,,97.19,97.19,,,,25/03/2020,14/04/2020,,,1,0,1.200000,,,Core Only,PRF-2020-03-317145.pdf
16,,,14,,SAI01,,Cycle 1 - Jack Daniels 70cl - £16,,E,25/03/2020,14/04/2020,25/03/2020,14/04/2020,,8016405,,,,6,20.0,0,0,,,82.92,82.92,,,,25/03/2020,14/04/2020,,,1,0,1.150000,,,Core Only,PRF-2020-03-317145.pdf
17,,,16,,SAI01,,Cycle 1 - Woodford Reserve,,E,25/03/2020,14/04/2020,25/03/2020,14/04/2020,,7767380,,,,6,20.0,0,0,,,121.14,121.14,,,,25/03/2020,14/04/2020,,,1,0,1.640000,,,Core Only,PRF-2020-03-317147.pdf
18,,,17,,SAI01,,Cycle 1- Gentleman Jack-,,E,25/03/2020,14/04/2020,25/03/2020,14/04/2020,,7633294,,,,6,20.0,0,0,,,118.08,118.08,,,,25/03/2020,14/04/2020,,,1,0,1.260000,,,Core Only,PRF-2020-03-317149.pdf
19,,,18,,SAI01,,Cycle 1 - JD Single Barrel,,E,25/03/2020,14/04/2020,25/03/2020,14/04/2020,,6695735,,,,6,20.0,0,0,,,163.44,163.44,,,,25/03/2020,14/04/2020,,,1,0,0.700000,,,Core Only,PRF-2020-03-317150.pdf
20,,,19,,SAI01,,Cycle 1 Martini 75cl - £7.50 Only,,E,25/03/2020,14/04/2020,25/03/2020,14/04/2020,,7974548,,,,6,20.0,0,0,,,35.8,35.8,,,,25/03/2020,14/04/2020,,,1,0,0.810000,,,Core Only,PRF-2020-03-317152.pdf
21,,,19,,SAI01,,Cycle 1 Martini 75cl - £7.50 Only,,E,25/03/2020,14/04/2020,25/03/2020,14/04/2020,,7974553,,,,6,20.0,0,0,,,35.8,35.8,,,,25/03/2020,14/04/2020,,,1,0,0.810000,,,Core Only,PRF-2020-03-317152.pdf
22,,,19,,SAI01,,Cycle 1 Martini 75cl - £7.50 Only,,E,25/03/2020,14/04/2020,25/03/2020,14/04/2020,,7974560,,,,6,20.0,0,0,,,35.8,35.8,,,,25/03/2020,14/04/2020,,,1,0,0.810000,,,Core Only,PRF-2020-03-317152.pdf
23,,,20,,SAI01,,Cycle 1 -Bacardi Carta Blanca 1L,,E,25/03/2020,14/04/2020,25/03/2020,14/04/2020,,2397870,,,,6,20.0,0,0,,,87.67,87.67,,,,25/03/2020,14/04/2020,,,1,0,0.770000,,,Core Only,PRF-2020-03-317153.pdf
24,,,21,,SAI01,,Cycle 1 - Bacardi Spiced 1L,,E,25/03/2020,14/04/2020,25/03/2020,14/04/2020,,7966994,,,,6,20.0,0,0,,,78.0,78.0,,,,25/03/2020,14/04/2020,,,1,0,0.160000,,,Core Only,PRF-2020-03-317155.pdf
25,,,22,,SAI01,,Cycle 1 - Bombay Bramble 70cl,,E,25/03/2020,14/04/2020,25/03/2020,14/04/2020,,8012350,,,,6,20.0,0,0,,,80.28,80.28,,,,25/03/2020,14/04/2020,,,1,0,0.480000,,,Core Only,PRF-2020-03-317156.pdf
26,,,23,,SAI01,,Cycle 1- Chambord 20cl -£6,,E,25/03/2020,14/04/2020,25/03/2020,14/04/2020,,6510463,,,,6,20.0,0,0,,,29.58,29.58,,,,25/03/2020,14/04/2020,,,1,0,0.380000,,,Core Only,PRF-2020-03-317404.pdf
27,,,24,,SAI01,,Cycle 1 - Martini Fiero - £10 Only,,E,25/03/2020,14/04/2020,25/03/2020,14/04/2020,,7965705,,,,6,20.0,0,0,,,45.0,45.0,,,,25/03/2020,14/04/2020,,,1,0,1.000000,,,Core Only,PRF-2020-03-318550.pdf
28,,,25,,SAI01,,Cycle 2 - Bacardi 70cl,,E,15/04/2020,05/05/2020,15/04/2020,05/05/2020,,7988439,,,,6,20.0,0,0,,,62.43,62.43,,,,15/04/2020,05/05/2020,,,1,0,0.540000,,,Core Only,PRF-2020-03-319243.pdf
29,,,26,,SAI01,,Cycle 2 - Bacardi 70cl,,E,15/04/2020,05/05/2020,15/04/2020,05/05/2020,,2377216,,,,6,20.0,0,0,,,68.85,68.85,,,,15/04/2020,05/05/2020,,,1,0,0.500000,,,Core Only,PRF-2020-03-319243.pdf
30,,,27,,SAI01,,Cycle 2 - Bacardi 70cl,,E,15/04/2020,05/05/2020,15/04/2020,05/05/2020,,7967008,,,,6,20.0,0,0,,,63.4,63.4,,,,15/04/2020,05/05/2020,,,1,0,0.580000,,,Core Only,PRF-2020-03-319243.pdf
31,,,28,,SAI01,,Cycle 2 - Bombay Sapphire 1L,,E,15/04/2020,05/05/2020,15/04/2020,05/05/2020,,3355909,,,,6,20.0,0,0,,,100.9,100.9,,,,15/04/2020,05/05/2020,,,1,0,0.250000,,,Core Only,PRF-2020-03-319244.pdf
32,,,29,,SAI01,,Cycle 3 - Bacardi 70cl,,E,06/05/2020,26/05/2020,06/05/2020,26/05/2020,,7988439,,,,6,20.0,0,0,,,62.43,62.43,,,,06/05/2020,26/05/2020,,,1,0,0.540000,,,Core Only,PRF-2020-04-320377.pdf
33,,,30,,SAI01,,Cycle 3 - Bacardi 70cl,,E,06/05/2020,26/05/2020,06/05/2020,26/05/2020,,2377216,,,,6,20.0,0,0,,,68.85,68.85,,,,06/05/2020,26/05/2020,,,1,0,0.500000,,,Core Only,PRF-2020-04-320377.pdf
34,,,31,,SAI01,,Cycle 3 - Bacardi 70cl,,E,06/05/2020,26/05/2020,06/05/2020,26/05/2020,,7967008,,,,6,20.0,0,0,,,63.4,63.4,,,,06/05/2020,26/05/2020,,,1,0,0.580000,,,Core Only,PRF-2020-04-320377.pdf
35,,,32,,SAI01,,Cycle 3 - Bombay Dry 1L - £16,,E,06/05/2020,26/05/2020,06/05/2020,26/05/2020,,7704252,,,,6,20.0,0,0,,,80.32,80.32,,,,06/05/2020,26/05/2020,,,1,0,0.410000,,,Core Only,PRF-2020-04-320379.pdf
36,,,33,,SAI01,,Cycle 3 - Bombay Bramble 70cl,,E,06/05/2020,26/05/2020,06/05/2020,26/05/2020,,8012350,,,,6,20.0,0,0,,,80.28,80.28,,,,06/05/2020,26/05/2020,,,1,0,0.480000,,,Core Only,PRF-2020-04-320383.pdf
37,,,34,,SAI01,,Cycle 3 - Bombay Sapphire 70cl,,E,06/05/2020,26/05/2020,06/05/2020,26/05/2020,,2623733,,,,6,20.0,0,0,,,81.22,81.22,,,,06/05/2020,26/05/2020,,,1,0,0.180000,,,Core Only,PRF-2020-04-320385.pdf
38,,,35,,SAI01,,Cycle 3 - Martini Fiero - £10 Only,,E,06/05/2020,26/05/2020,06/05/2020,26/05/2020,,7965705,,,,6,20.0,0,0,,,45.0,45.0,,,,06/05/2020,26/05/2020,,,1,0,1.000000,,,Core Only,PRF-2020-04-320387.pdf
39,,,36,,SAI01,,Cycle 3 Martini 75cl,,E,06/05/2020,26/05/2020,06/05/2020,26/05/2020,,7974548,,,,6,20.0,0,0,,,35.8,35.8,,,,06/05/2020,26/05/2020,,,1,0,0.810000,,,Core Only,PRF-2020-04-320388.pdf
40,,,36,,SAI01,,Cycle 3 Martini 75cl,,E,06/05/2020,26/05/2020,06/05/2020,26/05/2020,,7974553,,,,6,20.0,0,0,,,35.8,35.8,,,,06/05/2020,26/05/2020,,,1,0,0.810000,,,Core Only,PRF-2020-04-320388.pdf
41,,,36,,SAI01,,Cycle 3 Martini 75cl,,E,06/05/2020,26/05/2020,06/05/2020,26/05/2020,,7974560,,,,6,20.0,0,0,,,35.8,35.8,,,,06/05/2020,26/05/2020,,,1,0,0.810000,,,Core Only,PRF-2020-04-320388.pdf
42,,,37,,SAI01,,Cycle 4 -Bacardi Carta Blanca 1L,,E,27/05/2020,16/06/2020,27/05/2020,16/06/2020,,2397870,,,,6,20.0,0,0,,,87.67,87.67,,,,27/05/2020,16/06/2020,,,1,0,0.720000,,,Core Only,PRF-2020-05-323948.pdf
43,,,38,,SAI01,,Cycle 4 - Bacardi Spiced 1L,,E,27/05/2020,16/06/2020,27/05/2020,16/06/2020,,7966994,,,,6,20.0,0,0,,,78.0,78.0,,,,27/05/2020,16/06/2020,,,1,0,0.160000,,,Core Only,PRF-2020-05-323954.pdf
44,,,39,,SAI01,,Cycle 4 - Bombay Sapphire 1L,,E,27/05/2020,16/06/2020,27/05/2020,16/06/2020,,3355909,,,,6,20.0,0,0,,,100.9,100.9,,,,27/05/2020,16/06/2020,,,1,0,0.250000,,,Core Only,PRF-2020-05-324130.pdf
45,,,40,,SAI01,,Cycle 4 - Bombay Sapphire 35cl,,E,27/05/2020,16/06/2020,27/05/2020,16/06/2020,,7988453,,,,6,20.0,0,0,,,46.0,46.0,,,,27/05/2020,16/06/2020,,,1,0,0.580000,,,Core Only,PRF-2020-05-324135.pdf
46,,,41,,SAI01,,Cycle 4 - Patron XO Cafe,,E,27/05/2020,16/06/2020,27/05/2020,16/06/2020,,7623801,,,,6,20.0,0,0,,,62.46,62.46,,,,27/05/2020,16/06/2020,,,1,0,0.100000,,,Core Only,PRF-2020-05-324138.pdf
47,,,42,,SAI01,,Cycle 5 - Bombay Dry 1L - £16,,E,17/06/2020,07/07/2020,17/06/2020,07/07/2020,,7704252,,,,6,20.0,0,0,,,80.32,80.32,,,,17/06/2020,07/07/2020,,,1,0,0.410000,,,Core Only,PRF-2020-06-326109.pdf
48,,,43,,SAI01,,Cycle 5 - Bacardi 70cl -£13,,E,17/06/2020,07/07/2020,17/06/2020,07/07/2020,,2377216,,,,6,20.0,0,0,,,68.85,68.85,,,,17/06/2020,07/07/2020,,,1,0,0.800000,,,Core Only,PRF-2020-06-326111.pdf
49,,,44,,SAI01,,Cycle 5 - Bacardi 70cl -£13,,E,17/06/2020,07/07/2020,17/06/2020,07/07/2020,,7967008,,,,6,20.0,0,0,,,63.4,63.4,,,,17/06/2020,07/07/2020,,,1,0,0.790000,,,Core Only,PRF-2020-06-326111.pdf
50,,,45,,SAI01,,Cycle 5 - Bombay Sapphire 70cl,,E,17/06/2020,07/07/2020,17/06/2020,07/07/2020,,2623733,,,,6,20.0,0,0,,,81.22,81.22,,,,17/06/2020,07/07/2020,,,1,0,0.180000,,,Core Only,PRF-2020-06-326116.pdf
51,,,46,,SAI01,,Cycle 5 - Bombay Bramble 70cl,,E,17/06/2020,07/07/2020,17/06/2020,07/07/2020,,8012350,,,,6,20.0,0,0,,,80.28,80.28,,,,17/06/2020,07/07/2020,,,1,0,0.480000,,,Core Only,PRF-2020-06-326117.pdf
52,,,47,,SAI01,,Cycle 5 - Grey Goose 70cl,,E,17/06/2020,07/07/2020,17/06/2020,07/07/2020,,4182931,,,,6,20.0,0,0,,,145.17,145.17,,,,17/06/2020,07/07/2020,,,1,0,0.500000,,,Core Only,PRF-2020-06-326123.pdf
53,,,48,,SAI01,,Cycle 5 - Benedictine 50cl,,E,17/06/2020,07/07/2020,17/06/2020,07/07/2020,,3167168,,,,6,20.0,0,0,,,75.51,75.51,,,,17/06/2020,07/07/2020,,,1,0,0.250000,,,Core Only,PRF-2020-06-326125.pdf
54,,,49,,SAI01,,Cycle 6 - Bombay Sapphire 1L-,,E,08/07/2020,28/07/2020,08/07/2020,28/07/2020,,3355909,,,,6,20.0,0,0,,,100.9,100.9,,,,08/07/2020,28/07/2020,,,1,0,0.380000,,,Core Only,PRF-2020-06-326399.pdf
55,,,50,,SAI01,,Cycle 6 - Grey Goose 35cl,,E,08/07/2020,28/07/2020,08/07/2020,28/07/2020,,7806460,,,,12,20.0,0,0,,,153.0,153.0,,,,08/07/2020,28/07/2020,,,1,0,0.500000,,,Core Only,PRF-2020-06-326401.pdf
56,,,51,,SAI01,,Cycle 6 -Bacardi Carta Blanca 1L,,E,08/07/2020,28/07/2020,08/07/2020,28/07/2020,,2397870,,,,6,20.0,0,0,,,87.67,87.67,,,,08/07/2020,28/07/2020,,,1,0,0.720000,,,Core Only,PRF-2020-06-326566.pdf
57,,,52,,SAI01,,Cycle 6 - Bacardi Spiced 1L,,E,08/07/2020,28/07/2020,08/07/2020,28/07/2020,,7966994,,,,6,20.0,0,0,,,78.0,78.0,,,,08/07/2020,28/07/2020,,,1,0,0.160000,,,Core Only,PRF-2020-06-326567.pdf
58,,,53,,SAI01,,Cycle 6 - Bacardi Coconut 70cl,,E,08/07/2020,28/07/2020,08/07/2020,28/07/2020,,7988439,,,,6,20.0,0,0,,,62.43,62.43,,,,08/07/2020,28/07/2020,,,1,0,0.540000,,,Core Only,PRF-2020-06-326568.pdf
59,,,54,,SAI01,,Cycle 6 - St Germain 20cl,,E,08/07/2020,28/07/2020,08/07/2020,28/07/2020,,7988455,,,,6,20.0,0,0,,,32.4,32.4,,,,08/07/2020,28/07/2020,,,1,0,0.900000,,,Core Only,PRF-2020-06-326569.pdf
60,,,55,,SAI01,,Cycle 7 - Bombay Sapphire 35cl,,E,29/07/2020,11/08/2020,29/07/2020,11/08/2020,,7988453,,,,6,20.0,0,0,,,46.0,46.0,,,,29/07/2020,11/08/2020,,,1,0,0.580000,,,Core Only,PRF-2020-07-330368.pdf
61,,,56,,SAI01,,Cycle 7 - Bacardi 70cl -£13,,E,29/07/2020,11/08/2020,29/07/2020,11/08/2020,,2377216,,,,6,20.0,0,0,,,68.85,68.85,,,,29/07/2020,11/08/2020,,,1,0,0.800000,,,Core Only,PRF-2020-07-330369.pdf
62,,,57,,SAI01,,Cycle 7 - Bacardi 70cl -£13,,E,29/07/2020,11/08/2020,29/07/2020,11/08/2020,,7967008,,,,6,20.0,0,0,,,63.4,63.4,,,,29/07/2020,11/08/2020,,,1,0,0.790000,,,Core Only,PRF-2020-07-330369.pdf
63,,,58,,SAI01,,Cycle 7 & 8 - Martini 75cl,,E,29/07/2020,25/08/2020,29/07/2020,25/08/2020,,7974548,,,,6,20.0,0,0,,,35.8,35.8,,,,29/07/2020,25/08/2020,,,1,0,0.810000,,,Core Only,PRF-2020-07-330370.pdf
64,,,58,,SAI01,,Cycle 7 & 8 - Martini 75cl,,E,29/07/2020,25/08/2020,29/07/2020,25/08/2020,,7974553,,,,6,20.0,0,0,,,35.8,35.8,,,,29/07/2020,25/08/2020,,,1,0,0.810000,,,Core Only,PRF-2020-07-330370.pdf
65,,,58,,SAI01,,Cycle 7 & 8 - Martini 75cl,,E,29/07/2020,25/08/2020,29/07/2020,25/08/2020,,7974560,,,,6,20.0,0,0,,,35.8,35.8,,,,29/07/2020,25/08/2020,,,1,0,0.810000,,,Core Only,PRF-2020-07-330370.pdf
66,,,59,,SAI01,,Cycle 8 -Bacardi Carta Blanca 1L,,E,12/08/2020,25/08/2020,12/08/2020,25/08/2020,,2397870,,,,6,20.0,0,0,,,87.67,87.67,,,,12/08/2020,25/08/2020,,,1,0,0.720000,,,Core Only,PRF-2020-07-330372.pdf
67,,,60,,SAI01,,Cycle 8 - Bacardi Spiced 1L,,E,12/08/2020,25/08/2020,12/08/2020,25/08/2020,,7966994,,,,6,20.0,0,0,,,78.0,78.0,,,,12/08/2020,25/08/2020,,,1,0,0.160000,,,Core Only,PRF-2020-07-330373.pdf
68,,,61,,SAI01,,Cycle 8 - Bombay Sapphire 70cl,,E,12/08/2020,25/08/2020,12/08/2020,25/08/2020,,2623733,,,,6,20.0,0,0,,,81.22,81.22,,,,12/08/2020,25/08/2020,,,1,0,0.180000,,,Core Only,PRF-2020-07-330374.pdf
69,,,62,,SAI01,,Cycle 8 - Bombay Bramble 70cl,,E,12/08/2020,25/08/2020,12/08/2020,25/08/2020,,8012350,,,,6,20.0,0,0,,,80.28,80.28,,,,12/08/2020,25/08/2020,,,1,0,0.480000,,,Core Only,PRF-2020-07-330375.pdf
70,,,63,,SAI01,,Cycle 8 - Martini Fiero,,E,12/08/2020,25/08/2020,12/08/2020,25/08/2020,,7965705,,,,6,20.0,0,0,,,45.0,45.0,,,,12/08/2020,25/08/2020,,,1,0,1.000000,,,Core Only,PRF-2020-07-330376.pdf
71,,,64,,SAI01,,Cycle 8 - Martini Vibrante 75cl,,E,12/08/2020,25/08/2020,12/08/2020,25/08/2020,,8021833,,,,6,20.0,0,0,,,32.0,32.0,,,,12/08/2020,25/08/2020,,,1,0,1.070000,,,Core Only,PRF-2020-07-330377.pdf
72,,,65,,SAI01,,Cycle 8 - St Germain 20cl,,E,12/08/2020,25/08/2020,12/08/2020,25/08/2020,,7988455,,,,6,20.0,0,0,,,32.4,32.4,,,,12/08/2020,25/08/2020,,,1,0,0.900000,,,Core Only,PRF-2020-07-330379.pdf
73,,,66,,SAI01,,Cycle 8 - Patron XO Cafe,,E,12/08/2020,25/08/2020,12/08/2020,25/08/2020,,7623801,,,,6,20.0,0,0,,,62.46,62.46,,,,12/08/2020,25/08/2020,,,1,0,0.100000,,,Core Only,PRF-2020-07-330380.pdf
74,,,55,,SAI01,,Cycle 7 - Bombay Sapphire 35cl,,E,29/07/2020,11/08/2020,29/07/2020,11/08/2020,,7988453,,,,6,20.0,0,0,,,46.0,46.0,,,,29/07/2020,11/08/2020,,,1,0,0.580000,,,Convenience Only,PRF-2020-07-332191.pdf
75,,,67,,SAI01,,C13 & C14 - Bacardi Spiced 1L,,E,18/11/2020,01/01/2020,18/11/2020,01/01/2020,,7966994,,,,6,20.0,0,0,,,78.0,78.0,,,,18/11/2020,01/01/2020,,,1,0,0.160000,,,Core Only,PRF-2020-08-334524.pdf
76,,,68,,SAI01,,C16 - Bombay Sapphire 70cl,,E,20/01/2021,09/02/2021,20/01/2021,09/02/2021,,2623733,,,,6,20.0,0,0,,,81.22,81.22,,,,20/01/2021,09/02/2021,,,1,0,0.180000,,,Core Only,PRF-2020-08-334532.pdf
77,,,69,,SAI01,,C16 - Bombay Bramble 70cl,,E,01/02/2021,14/02/2021,01/02/2021,14/02/2021,,8012350,,,,6,20.0,0,0,,,80.28,80.28,,,,01/02/2021,14/02/2021,,,1,0,0.480000,,,Core Only,PRF-2020-08-334533.pdf
78,,,70,,SAI01,,C9 - Martini Fiero 75cl,,E,26/08/2020,15/09/2020,26/08/2020,15/09/2020,,7965705,,,,6,20.0,0,0,,,45.0,45.0,,,,26/08/2020,15/09/2020,,,1,0,1.000000,,,Core Only,PRF-2020-08-334548.pdf
79,,,71,,SAI01,,C9 - Martini Vibrante 75cl,,E,26/08/2020,15/09/2020,26/08/2020,15/09/2020,,8021833,,,,6,20.0,0,0,,,32.0,32.0,,,,26/08/2020,15/09/2020,,,1,0,1.070000,,,Core Only,PRF-2020-08-334551.pdf
80,,,72,,SAI01,,C9 - Benedictine 50cl,,E,26/08/2020,15/09/2020,26/08/2020,15/09/2020,,3167168,,,,6,20.0,0,0,,,75.51,75.51,,,,26/08/2020,15/09/2020,,,1,0,0.320000,,,Core Only,PRF-2020-08-334553.pdf
81,,,73,,SAI01,,C9 - Bombay Sapphire 1L,,E,26/08/2020,15/09/2020,26/08/2020,15/09/2020,,3355909,,,,6,20.0,0,0,,,100.9,100.9,,,,26/08/2020,15/09/2020,,,1,0,0.380000,,,Core Only,PRF-2020-08-334554.pdf
82,,,74,,SAI01,,Cycle 10 - Bombay Sapphire 70cl,,E,16/09/2020,06/10/2020,16/09/2020,06/10/2020,,2623733,,,,6,20.0,0,0,,,81.22,81.22,,,,16/09/2020,06/10/2020,,,1,0,0.360000,,,Core Only,PRF-2020-08-335035.pdf
83,,,75,,SAI01,,Cycle 10 & 11 - Bombay Dry 1L -,,E,16/09/2020,20/10/2020,16/09/2020,20/10/2020,,7704252,,,,6,20.0,0,0,,,80.32,80.32,,,,16/09/2020,20/10/2020,,,1,0,0.410000,,,Core Only,PRF-2020-08-335037.pdf
84,,,76,,SAI01,,Cycle 10 - Bombay Sapphire 35cl,,E,16/09/2020,06/10/2020,16/09/2020,06/10/2020,,7988453,,,,6,20.0,0,0,,,46.0,46.0,,,,16/09/2020,06/10/2020,,,1,0,0.580000,,,Core Only,PRF-2020-08-335039.pdf
85,,,77,,SAI01,,Cycle 10 - Martini 75cl £7.50,,E,16/09/2020,06/10/2020,16/09/2020,06/10/2020,,7974548,,,,6,20.0,0,0,,,35.8,35.8,,,,16/09/2020,06/10/2020,,,1,0,0.810000,,,Core Only,PRF-2020-08-335040.pdf
86,,,77,,SAI01,,Cycle 10 - Martini 75cl £7.50,,E,16/09/2020,06/10/2020,16/09/2020,06/10/2020,,7974553,,,,6,20.0,0,0,,,35.8,35.8,,,,16/09/2020,06/10/2020,,,1,0,0.810000,,,Core Only,PRF-2020-08-335040.pdf
87,,,77,,SAI01,,Cycle 10 - Martini 75cl £7.50,,E,16/09/2020,06/10/2020,16/09/2020,06/10/2020,,7974560,,,,6,20.0,0,0,,,35.8,35.8,,,,16/09/2020,06/10/2020,,,1,0,0.810000,,,Core Only,PRF-2020-08-335040.pdf
88,,,78,,SAI01,,Cycle 10 - Martini Fiero £10,,E,16/09/2020,06/10/2020,16/09/2020,06/10/2020,,7965705,,,,6,20.0,0,0,,,45.0,45.0,,,,16/09/2020,06/10/2020,,,1,0,1.000000,,,Core Only,PRF-2020-08-335041.pdf
89,,,79,,SAI01,,Cycle 11 - Bacardi 70cl -£13,,E,07/10/2020,27/10/2020,07/10/2020,27/10/2020,,2377216,,,,6,20.0,0,0,,,68.85,68.85,,,,07/10/2020,27/10/2020,,,1,0,0.800000,,,Core Only,PRF-2020-08-335044.pdf
90,,,80,,SAI01,,Cycle 11 - Bacardi 70cl -£13,,E,07/10/2020,27/10/2020,07/10/2020,27/10/2020,,7967008,,,,6,20.0,0,0,,,63.4,63.4,,,,07/10/2020,27/10/2020,,,1,0,0.790000,,,Core Only,PRF-2020-08-335044.pdf
91,,,81,,SAI01,,Cycle 11 - Bacardi 70cl -£13,,E,07/10/2020,27/10/2020,07/10/2020,27/10/2020,,7988439,,,,6,20.0,0,0,,,62.43,62.43,,,,07/10/2020,27/10/2020,,,1,0,0.540000,,,Core Only,PRF-2020-08-335044.pdf
92,,,82,,SAI01,,Cycle 11 - Martini Vibrante 75cl,,E,07/10/2020,27/10/2020,07/10/2020,27/10/2020,,8021833,,,,6,20.0,0,0,,,32.0,32.0,,,,07/10/2020,27/10/2020,,,1,0,1.070000,,,Core Only,PRF-2020-08-335046.pdf
93,,,83,,SAI01,,Cycle 12 - Bombay Sapphire 70cl,,E,28/10/2020,17/11/2020,28/10/2020,17/11/2020,,2623733,,,,6,20.0,0,0,,,81.22,81.22,,,,28/10/2020,17/11/2020,,,1,0,0.360000,,,Core Only,PRF-2020-09-339047.pdf
94,,,84,,SAI01,,Cycle 12 - Bombay Bramble 70cl,,E,28/10/2020,17/11/2020,28/10/2020,17/11/2020,,8012350,,,,6,20.0,0,0,,,80.28,80.28,,,,28/10/2020,17/11/2020,,,1,0,0.480000,,,Core Only,PRF-2020-09-339049.pdf
95,,,85,,SAI01,,Cycle 12 -Bacardi Carta Blanca 1L,,E,28/10/2020,17/11/2020,28/10/2020,17/11/2020,,2397870,,,,6,20.0,0,0,,,87.67,87.67,,,,28/10/2020,17/11/2020,,,1,0,0.720000,,,Core Only,PRF-2020-09-339050.pdf
96,,,86,,SAI01,,Cycle 12 - Bacardi Spiced 1L,,E,28/10/2020,17/11/2020,28/10/2020,17/11/2020,,7966994,,,,6,20.0,0,0,,,78.0,78.0,,,,28/10/2020,17/11/2020,,,1,0,0.160000,,,Core Only,PRF-2020-09-339052.pdf
97,,,87,,SAI01,,Cycle 12 - Grey Goose 35cl,,E,28/10/2020,17/11/2020,28/10/2020,17/11/2020,,7806460,,,,12,20.0,0,0,,,153.0,153.0,,,,28/10/2020,17/11/2020,,,1,0,0.500000,,,Core Only,PRF-2020-09-339053.pdf
98,,,88,,SAI01,,Cycle 12 - Martini Fiero 75cl,,E,28/10/2020,17/11/2020,28/10/2020,17/11/2020,,7965705,,,,6,20.0,0,0,,,45.0,45.0,,,,28/10/2020,17/11/2020,,,1,0,1.000000,,,Core Only,PRF-2020-09-339054.pdf
99,,,89,,SAI01,,Cycle 13 & 14 - Martini 75cl £7.50,,E,18/11/2020,01/01/2021,18/11/2020,01/01/2021,,7974548,,,,6,20.0,0,0,,,35.8,35.8,,,,18/11/2020,01/01/2021,,,1,0,0.810000,,,Core Only,PRF-2020-09-339056.pdf
100,,,89,,SAI01,,Cycle 13 & 14 - Martini 75cl £7.50,,E,18/11/2020,01/01/2021,18/11/2020,01/01/2021,,7974553,,,,6,20.0,0,0,,,35.8,35.8,,,,18/11/2020,01/01/2021,,,1,0,0.810000,,,Core Only,PRF-2020-09-339056.pdf
101,,,89,,SAI01,,Cycle 13 & 14 - Martini 75cl £7.50,,E,18/11/2020,01/01/2021,18/11/2020,01/01/2021,,7974560,,,,6,20.0,0,0,,,35.8,35.8,,,,18/11/2020,01/01/2021,,,1,0,0.810000,,,Core Only,PRF-2020-09-339056.pdf
102,,,90,,SAI01,,Cycle 13 &14 - Benedictine 50cl,,E,18/11/2020,01/01/2021,18/11/2020,01/01/2021,,3167168,,,,6,20.0,0,0,,,75.51,75.51,,,,18/11/2020,01/01/2021,,,1,0,0.250000,,,Core Only,PRF-2020-09-339058.pdf
103,,,91,,SAI01,,Cycle 13 & 14 - St Germain 20cl,,E,18/11/2020,01/01/2021,18/11/2020,01/01/2021,,7988455,,,,6,20.0,0,0,,,32.4,32.4,,,,18/11/2020,01/01/2021,,,1,0,0.900000,,,Core Only,PRF-2020-09-339062.pdf
104,,,92,,SAI01,,Cycle 13 & 14 - Patron XO Cafe,,E,18/11/2020,01/01/2021,18/11/2020,01/01/2021,,7623801,,,,6,20.0,0,0,,,62.46,62.46,,,,18/11/2020,01/01/2021,,,1,0,0.100000,,,Core Only,PRF-2020-09-339064.pdf
105,,,93,,SAI01,,Cycle 14 - Martini Fiero 75cl,,E,09/12/2020,01/01/2021,09/12/2020,01/01/2021,,7965705,,,,6,20.0,0,0,,,45.0,45.0,,,,09/12/2020,01/01/2021,,,1,0,1.000000,,,Core Only,PRF-2020-09-339066.pdf
106,,,83,,SAI01,,Cycle 12 - Bombay Sapphire 70cl,,E,28/10/2020,17/11/2020,28/10/2020,17/11/2020,,2623733,,,,6,20.0,0,0,,,81.22,81.22,,,,28/10/2020,17/11/2020,,,1,0,0.360000,,,Convenience Only,PRF-2020-09-339202.pdf
107,,,94,,SAI01,,C13 & C14 - Bacardi Carta Blanca,,E,18/11/2020,01/01/2021,18/11/2020,01/01/2021,,2397870,,,,6,20.0,0,0,,,87.67,87.67,,,,18/11/2020,01/01/2021,,,1,0,0.720000,,,Core Only,PRF-2020-10-340734.pdf
108,,,95,,SAI01,,C13 & C14 - Bombay Sapphire 1L,,E,18/11/2020,01/01/2021,18/11/2020,01/01/2021,,3355909,,,,6,20.0,0,0,,,100.9,100.9,,,,18/11/2020,01/01/2021,,,1,0,0.530000,,,Core Only,PRF-2020-10-340736.pdf
109,,,96,,SAI01,,C14 - Bombay Bramble 70cl,,E,09/12/2020,01/01/2021,09/12/2020,01/01/2021,,8012350,,,,6,20.0,0,0,,,80.28,80.28,,,,09/12/2020,01/01/2021,,,1,0,0.480000,,,Core Only,PRF-2020-10-340739.pdf
110,,,97,,SAI01,,C13 & C14 - Bombay Sapphire,,E,18/11/2020,01/01/2021,18/11/2020,01/01/2021,,7988453,,,,6,20.0,0,0,,,46.0,46.0,,,,18/11/2020,01/01/2021,,,1,0,0.580000,,,Core Only,PRF-2020-10-340740.pdf
111,,,98,,SAI01,,C14 - Martini Vibrante 75cl,,E,09/12/2020,01/01/2021,09/12/2020,01/01/2021,,8021833,,,,6,20.0,0,0,,,32.0,32.0,,,,09/12/2020,01/01/2021,,,1,0,1.070000,,,Core Only,PRF-2020-10-340741.pdf
112,,,97,,SAI01,,C13 & C14 - Bombay Sapphire,,E,18/11/2020,01/01/2021,18/11/2020,01/01/2021,,7988453,,,,6,20.0,0,0,,,46.0,46.0,,,,18/11/2020,01/01/2021,,,1,0,0.580000,,,Convenience Only,PRF-2020-10-343521.pdf
113,,,99,,SAI01,,C15 & C16 - Bacardi Carta Blanca,,E,02/01/2021,09/02/2020,02/01/2021,09/02/2020,,2377216,,,,6,20.0,0,0,,,68.85,68.85,,,,02/01/2021,09/02/2020,,,1,0,0.500000,,,Core Only,PRF-2020-12-348230.pdf
114,,,100,,SAI01,,C15 & C16 - Bacardi Coconut 70cl,,E,02/01/2021,09/02/2020,02/01/2021,09/02/2020,,7988439,,,,6,20.0,0,0,,,62.43,62.43,,,,02/01/2021,09/02/2020,,,1,0,0.540000,,,Core Only,PRF-2020-12-348234.pdf
115,,,101,,SAI01,,C15 & C16 - Bacardi Spiced 70cl,,E,02/01/2021,09/02/2020,02/01/2021,09/02/2020,,7967008,,,,6,20.0,0,0,,,63.4,63.4,,,,02/01/2021,09/02/2020,,,1,0,0.580000,,,Core Only,PRF-2020-12-348236.pdf
116,,,102,,SAI01,,C15 - Martini Vibrante 75cl,,E,02/01/2021,19/01/2021,02/01/2021,19/01/2021,,8021833,,,,6,20.0,0,0,,,32.0,32.0,,,,02/01/2021,19/01/2021,,,1,0,1.220000,,,Core Only,PRF-2020-12-348239.pdf
117,,,103,,SAI01,,Cycle 15- Bacardi 70cl,,E,02/01/2021,19/01/2021,02/01/2021,19/01/2021,,2377216,,,,6,20.0,0,0,,,68.85,68.85,,,,02/01/2021,19/01/2021,,,1,0,0.500000,,,Convenience Only,PRF-2020-12-348497.pdf
118,,,104,,SAI01,,Cycle 15- Bacardi 70cl,,E,02/01/2021,19/01/2021,02/01/2021,19/01/2021,,7967008,,,,6,20.0,0,0,,,63.4,63.4,,,,02/01/2021,19/01/2021,,,1,0,0.580000,,,Convenience Only,PRF-2020-12-348497.pdf
119,,,105,,SAI01,,C18 - Bombay Sapphire 70cl,,E,03/03/2021,14/03/2021,03/03/2021,14/03/2021,,2623733,,,,6,20.0,0,0,,,81.22,81.22,,,,03/03/2021,14/03/2021,,,1,0,0.360000,,,Convenience Only,PRF-2021-01-352789.pdf
120,,,106,,SAI01,,C18 - Bombay Sapphire 70cl,,E,01/03/2021,14/03/2021,01/03/2021,14/03/2021,,2623733,,,,6,20.0,0,0,,,81.22,81.22,,,,01/03/2021,14/03/2021,,,1,0,0.360000,,,Core Only,PRF-2021-01-352790.pdf
121,,,107,,SAI01,,C18 - Bombay Bramble 70cl,,E,01/03/2021,14/03/2021,01/03/2021,14/03/2021,,8012350,,,,6,20.0,0,0,,,80.28,80.28,,,,01/03/2021,14/03/2021,,,1,0,0.480000,,,Core Only,PRF-2021-01-352791.pdf
122,,,108,,SAI01,,C17 - Bombay Sapphire 1L,,E,10/02/2021,02/03/2021,10/02/2021,02/03/2021,,3355909,,,,6,20.0,0,0,,,100.9,100.9,,,,10/02/2021,02/03/2021,,,1,0,0.530000,,,Core Only,PRF-2021-01-352792.pdf
123,,,109,,SAI01,,C17 - Bacardi Spiced 1L,,E,10/02/2021,02/03/2021,10/02/2021,02/03/2021,,7966994,,,,6,20.0,0,0,,,78.0,78.0,,,,10/02/2021,02/03/2021,,,1,0,0.160000,,,Core Only,PRF-2021-01-352820.pdf
124,,,110,,SAI01,,C18 - Bacardi Spiced 70cl,,E,03/03/2021,23/03/2021,03/03/2021,23/03/2021,,7967008,,,,6,20.0,0,0,,,63.4,63.4,,,,03/03/2021,23/03/2021,,,1,0,0.580000,,,Core Only,PRF-2021-01-352823.pdf
125,,,111,,SAI01,,C18 - Bacardi Coconut 70cl,,E,03/03/2021,23/03/2021,03/03/2021,23/03/2021,,7988439,,,,6,20.0,0,0,,,62.43,62.43,,,,03/03/2021,23/03/2021,,,1,0,0.540000,,,Core Only,PRF-2021-01-352825.pdf
126,,,112,,SAI01,,C18 - Bacardi Carta Blanca 70cl,,E,03/03/2021,23/03/2021,03/03/2021,23/03/2021,,2377216,,,,6,20.0,0,0,,,68.85,68.85,,,,03/03/2021,23/03/2021,,,1,0,0.500000,,,Core Only,PRF-2021-01-352827.pdf
127,,,113,,SAI01,,C17 - Martini Vermouth 75cl -,,E,10/02/2021,02/03/2021,10/02/2021,02/03/2021,,7974553,,,,6,20.0,0,0,,,35.8,35.8,,,,10/02/2021,02/03/2021,,,1,0,0.810000,,,Core Only,PRF-2021-01-352829.pdf
128,,,113,,SAI01,,C17 - Martini Vermouth 75cl -,,E,10/02/2021,02/03/2021,10/02/2021,02/03/2021,,7974560,,,,6,20.0,0,0,,,35.8,35.8,,,,10/02/2021,02/03/2021,,,1,0,0.810000,,,Core Only,PRF-2021-01-352829.pdf
129,,,113,,SAI01,,C17 - Martini Vermouth 75cl -,,E,10/02/2021,02/03/2021,10/02/2021,02/03/2021,,7974548,,,,6,20.0,0,0,,,35.8,35.8,,,,10/02/2021,02/03/2021,,,1,0,0.810000,,,Core Only,PRF-2021-01-352829.pdf
130,,,114,,SAI01,,C18 - Martini Fiero 75cl,,E,03/03/2021,23/03/2021,03/03/2021,23/03/2021,,7965705,,,,6,20.0,0,0,,,45.0,45.0,,,,03/03/2021,23/03/2021,,,1,0,1.000000,,,Core Only,PRF-2021-01-352830.pdf
131,,,115,,SAI01,,C17 - Bacardi Carta Blanca 1L,,E,10/02/2021,02/03/2021,10/02/2021,02/03/2021,,2397870,,,,6,20.0,0,0,,,87.67,87.67,,,,10/02/2021,02/03/2021,,,1,0,0.720000,,,Core Only,PRF-2021-01-352870.pdf
132,,,116,,SAI01,,C1 - Martini Vermouth 75cl,,E,24/03/2021,13/04/2021,24/03/2021,13/04/2021,,7974553,,,,6,20.0,0,0,,,35.8,35.8,,,,24/03/2021,13/04/2021,,,1,0,0.810000,,,Core Only,PRF-2021-02-354897.pdf
133,,,116,,SAI01,,C1 - Martini Vermouth 75cl,,E,24/03/2021,13/04/2021,24/03/2021,13/04/2021,,7974560,,,,6,20.0,0,0,,,35.8,35.8,,,,24/03/2021,13/04/2021,,,1,0,0.810000,,,Core Only,PRF-2021-02-354897.pdf
134,,,116,,SAI01,,C1 - Martini Vermouth 75cl,,E,24/03/2021,13/04/2021,24/03/2021,13/04/2021,,7974548,,,,6,20.0,0,0,,,35.8,35.8,,,,24/03/2021,13/04/2021,,,1,0,0.810000,,,Core Only,PRF-2021-02-354897.pdf
135,,,117,,SAI01,,C1 - Bacardi Carta Blanca 1L,,E,24/03/2021,13/04/2021,24/03/2021,13/04/2021,,2397870,,,,6,20.0,0,0,,,87.67,87.67,,,,24/03/2021,13/04/2021,,,1,0,0.720000,,,Core Only,PRF-2021-02-354901.pdf
136,,,118,,SAI01,,C1 - Bacardi Spiced 1L,,E,24/03/2021,13/04/2021,24/03/2021,13/04/2021,,7966994,,,,6,20.0,0,0,,,78.0,78.0,,,,24/03/2021,13/04/2021,,,1,0,0.160000,,,Core Only,PRF-2021-02-354904.pdf
137,,,119,,SAI01,,C1 - Bombay Sapphire 1L,,E,24/03/2021,13/04/2021,24/03/2021,13/04/2021,,3355909,,,,6,20.0,0,0,,,100.9,100.9,,,,24/03/2021,13/04/2021,,,1,0,0.380000,,,Core Only,PRF-2021-02-354905.pdf
138,,,120,,SAI01,,C1 - Benedictine 50cl,,E,24/03/2021,13/04/2021,24/03/2021,13/04/2021,,3167168,,,,6,20.0,0,0,,,75.51,75.51,,,,24/03/2021,13/04/2021,,,1,0,0.320000,,,Core Only,PRF-2021-02-354915.pdf
139,,,121,,SAI01,,C1 - Bombay Sapphire 35cl,,E,24/03/2021,13/04/2021,24/03/2021,13/04/2021,,7988453,,,,6,20.0,0,0,,,46.0,46.0,,,,24/03/2021,13/04/2021,,,1,0,0.580000,,,Core Only,PRF-2021-02-354971.pdf
140,,,122,,SAI01,,Cycle 2 - Bombay Sapphire 70cl,,E,14/04/2021,04/05/2021,14/04/2021,04/05/2021,,2623733,,,,6,20.0,0,0,,,81.22,81.22,,,,14/04/2021,04/05/2021,,,1,0,0.180000,,,Core Only,PRF-2021-03-358698.pdf
141,,,122,,SAI01,,Cycle 2 - Bombay Sapphire 70cl,,E,14/04/2021,04/05/2021,14/04/2021,04/05/2021,,2623733,,,,6,20.0,0,0,,,81.22,81.22,,,,14/04/2021,04/05/2021,,,1,0,0.180000,,,Convenience Only,PRF-2021-03-358699.pdf
142,,,123,,SAI01,,Cycle 2 - Bombay Bramble 70cl,,E,14/04/2021,04/05/2021,14/04/2021,04/05/2021,,8012350,,,,6,20.0,0,0,,,80.28,80.28,,,,14/04/2021,04/05/2021,,,1,0,0.480000,,,Core Only,PRF-2021-03-358700.pdf
143,,,124,,SAI01,,Cycle 2 - Bacardi 70cl,,E,14/04/2021,04/05/2021,14/04/2021,04/05/2021,,2377216,,,,6,20.0,0,0,,,68.85,68.85,,,,14/04/2021,04/05/2021,,,1,0,0.500000,,,Core Only,PRF-2021-03-358701.pdf
144,,,125,,SAI01,,Cycle 2 - Bacardi 70cl,,E,14/04/2021,04/05/2021,14/04/2021,04/05/2021,,7967008,,,,6,20.0,0,0,,,63.4,63.4,,,,14/04/2021,04/05/2021,,,1,0,0.580000,,,Core Only,PRF-2021-03-358701.pdf
145,,,126,,SAI01,,Cycle 2 - Bacardi 70cl,,E,14/04/2021,04/05/2021,14/04/2021,04/05/2021,,7988439,,,,6,20.0,0,0,,,62.43,62.43,,,,14/04/2021,04/05/2021,,,1,0,0.540000,,,Core Only,PRF-2021-03-358701.pdf
146,,,127,,SAI01,,Cycle 2 - Martini Vibrante 75cl,,E,14/04/2021,04/05/2021,14/04/2021,04/05/2021,,8021833,,,,6,20.0,0,0,,,32.0,32.0,,,,14/04/2021,04/05/2021,,,1,0,1.220000,,,Core Only,PRF-2021-03-358703.pdf
147,,,128,,SAI01,,Cycle 3 - Bombay Sapphire 1L,,E,05/05/2021,25/05/2021,05/05/2021,25/05/2021,,3355909,,,,6,20.0,0,0,,,100.9,100.9,,,,05/05/2021,25/05/2021,,,1,0,0.250000,,,Core Only,PRF-2021-04-361250.pdf
148,,,129,,SAI01,,C3 - Martini Fiero 75cl,,E,05/05/2021,25/05/2021,05/05/2021,25/05/2021,,7965705,,,,6,20.0,0,0,,,45.0,45.0,,,,05/05/2021,25/05/2021,,,1,0,1.000000,,,Core Only,PRF-2021-04-362184.pdf
149,,,130,,SAI01,,C3 - Martini Vermouth 75cl -,,E,05/05/2021,25/05/2021,05/05/2021,25/05/2021,,7974553,,,,6,20.0,0,0,,,35.8,35.8,,,,05/05/2021,25/05/2021,,,1,0,0.810000,,,Core Only,PRF-2021-04-362193.pdf
150,,,130,,SAI01,,C3 - Martini Vermouth 75cl -,,E,05/05/2021,25/05/2021,05/05/2021,25/05/2021,,7974560,,,,6,20.0,0,0,,,35.8,35.8,,,,05/05/2021,25/05/2021,,,1,0,0.810000,,,Core Only,PRF-2021-04-362193.pdf
151,,,130,,SAI01,,C3 - Martini Vermouth 75cl -,,E,05/05/2021,25/05/2021,05/05/2021,25/05/2021,,7974548,,,,6,20.0,0,0,,,35.8,35.8,,,,05/05/2021,25/05/2021,,,1,0,0.810000,,,Core Only,PRF-2021-04-362193.pdf
152,,,131,,SAI01,,C4 - Bombay Sapphire 70cl,,E,26/05/2021,15/06/2021,26/05/2021,15/06/2021,,2623733,,,,6,20.0,0,0,,,81.22,81.22,,,,26/05/2021,15/06/2021,,,1,0,0.180000,,,Convenience Only,PRF-2021-04-362667.pdf
153,,,131,,SAI01,,C4 - Bombay Sapphire 70cl,,E,26/05/2021,15/06/2021,26/05/2021,15/06/2021,,2623733,,,,6,20.0,0,0,,,81.22,81.22,,,,26/05/2021,15/06/2021,,,1,0,0.180000,,,Core Only,PRF-2021-04-362668.pdf
154,,,132,,SAI01,,C4 - Bacardi Carta Blanca 1L,,E,26/05/2021,15/06/2021,26/05/2021,15/06/2021,,2397870,,,,6,20.0,0,0,,,87.67,87.67,,,,26/05/2021,15/06/2021,,,1,0,0.720000,,,Core Only,PRF-2021-04-362670.pdf
155,,,133,,SAI01,,C4 - Bacardi Spiced 1L,,E,26/05/2021,15/06/2021,26/05/2021,15/06/2021,,7966994,,,,6,20.0,0,0,,,78.0,78.0,,,,26/05/2021,15/06/2021,,,1,0,0.160000,,,Core Only,PRF-2021-04-362672.pdf
156,,,134,,SAI01,,C4 - Bombay Bramble 70cl,,E,26/05/2021,15/06/2021,26/05/2021,15/06/2021,,8012350,,,,6,20.0,0,0,,,80.28,80.28,,,,26/05/2021,15/06/2021,,,1,0,0.480000,,,Core Only,PRF-2021-04-362675.pdf
157,,,135,,SAI01,,C4 - Martini Vibrante 75cl,,E,26/05/2021,15/06/2021,26/05/2021,15/06/2021,,8021833,,,,6,20.0,0,0,,,32.0,32.0,,,,26/05/2021,15/06/2021,,,1,0,1.220000,,,Core Only,PRF-2021-04-362677.pdf
158,,,136,,SAI01,,C7 - Bombay Sapphire and Tonic,,,28/07/2021,10/08/2021,28/07/2021,10/08/2021,,8020833,,,,12,20.0,10800.0,0,,,14.04,,,,,28/07/2021,10/08/2021,,,1,0,0,,,Convenience Only,PRF-2021-04-363367.pdf
159,,,137,,SAI01,,C5 - Bacardi Carta Blanca 70cl,,E,16/06/2021,06/07/2021,16/06/2021,06/07/2021,,2377216,,,,,,0,0,,,,,,,,16/06/2021,06/07/2021,,,1,0,0.800000,,,All Core and Convenience Stores,PRF-2021-05-366257.pdf
160,,,138,,SAI01,,C5 - Bacardi Spiced 70cl,,E,16/06/2021,06/07/2021,16/06/2021,06/07/2021,,7967008,,,,,,0,0,,,,,,,,16/06/2021,06/07/2021,,,1,0,0.790000,,,All Core and Convenience Stores,PRF-2021-05-366258.pdf
161,,,139,,SAI01,,C5 - Bombay Sapphire 1L,,E,16/06/2021,06/07/2021,16/06/2021,06/07/2021,,3355909,,,,,,0,0,,,,,,,,16/06/2021,06/07/2021,,,1,0,0.380000,,,Core Only,PRF-2021-05-366259.pdf
162,,,140,,SAI01,,Gin Party - Bombay Sapphire 70cl,,E,07/07/2021,27/07/2021,07/07/2021,27/07/2021,,2623733,,,,,,0,0,,,,,,,,07/07/2021,27/07/2021,,,1,0,0.360000,,,Core Only,PRF-2021-05-366260.pdf
163,,,141,,SAI01,,C5 - Bombay Sapphire 35cl,,E,16/06/2021,06/07/2021,16/06/2021,06/07/2021,,7988453,,,,,,0,0,,,,,,,,16/06/2021,06/07/2021,,,1,0,0.580000,,,Core Only,PRF-2021-05-366261.pdf
164,,,142,,SAI01,,C6 - Bacardi Carta Blanca 1L,,E,07/07/2021,27/07/2021,07/07/2021,27/07/2021,,2397870,,,,,,0,0,,,,,,,,07/07/2021,27/07/2021,,,1,0,0.720000,,,Core Only,PRF-2021-06-368020.pdf
165,,,140,,SAI01,,C6 - Bombay Sapphire 70cl,,E,07/07/2021,27/07/2021,07/07/2021,27/07/2021,,2623733,,,,,,0,0,,,,,,,,07/07/2021,27/07/2021,,,1,0,0.360000,,,Convenience Only,PRF-2021-06-368024.pdf
166,,,143,,SAI01,,C6 - Martini Vermouth 75cl -,,E,07/07/2021,20/07/2021,07/07/2021,20/07/2021,,7974553,,,,,,0,0,,,,,,,,07/07/2021,20/07/2021,,,1,0,0.810000,,,Core Only,PRF-2021-06-368025.pdf
167,,,143,,SAI01,,C6 - Martini Vermouth 75cl -,,E,07/07/2021,20/07/2021,07/07/2021,20/07/2021,,7974560,,,,,,0,0,,,,,,,,07/07/2021,20/07/2021,,,1,0,0.810000,,,Core Only,PRF-2021-06-368025.pdf
168,,,143,,SAI01,,C6 - Martini Vermouth 75cl -,,E,07/07/2021,20/07/2021,07/07/2021,20/07/2021,,7974548,,,,,,0,0,,,,,,,,07/07/2021,20/07/2021,,,1,0,0.810000,,,Core Only,PRF-2021-06-368025.pdf
169,,,144,,SAI01,,C6 - Martini Vibrante 75cl,,E,07/07/2021,27/07/2021,07/07/2021,27/07/2021,,8021833,,,,,,0,0,,,,,,,,07/07/2021,27/07/2021,,,1,0,1.220000,,,Core Only,PRF-2021-06-368026.pdf
170,,,145,,SAI01,,C6 - Bacardi Spiced 1L,,E,07/07/2021,27/07/2021,07/07/2021,27/07/2021,,7966994,,,,,,0,0,,,,,,,,07/07/2021,27/07/2021,,,1,0,0.160000,,,Core Only,PRF-2021-06-368035.pdf
171,,,146,,SAI01,,C6 - Bombay Bramble 70cl,,E,07/07/2021,27/07/2021,07/07/2021,27/07/2021,,8012350,,,,,,0,0,,,,,,,,07/07/2021,27/07/2021,,,1,0,0.480000,,,Core Only,PRF-2021-06-368041.pdf
172,,,147,,SAI01,,C7 - Bacardi Carta Blanca 70cl,,E,28/07/2021,10/08/2021,28/07/2021,10/08/2021,,2377216,,,,,,0,0,,,,,,,,28/07/2021,10/08/2021,,,1,0,0.800000,,,All Core and Convenience Stores,PRF-2021-07-370841.pdf
173,,,148,,SAI01,,C7 - Bacardi Spiced 70cl,,E,28/07/2021,10/08/2021,28/07/2021,10/08/2021,,7967008,,,,,,0,0,,,,,,,,28/07/2021,10/08/2021,,,1,0,0.790000,,,All Core and Convenience Stores,PRF-2021-07-370843.pdf
174,,,149,,SAI01,,C7 - Patron XO 35cl,,E,28/07/2021,10/08/2021,28/07/2021,10/08/2021,,7623801,,,,,,0,0,,,,,,,,28/07/2021,10/08/2021,,,1,0,0.100000,,,Core Only,PRF-2021-07-370844.pdf
175,,,150,,SAI01,,C8 - Bacardi Spiced 1L,,E,11/08/2021,31/08/2021,11/08/2021,31/08/2021,,7966994,,,,,,0,0,,,,,,,,11/08/2021,31/08/2021,,,1,0,0.160000,,,Core Only,PRF-2021-07-370860.pdf
176,,,151,,SAI01,,C8 - Bacardi Carta Blanca 1L,,E,11/08/2021,31/08/2021,11/08/2021,31/08/2021,,2397870,,,,,,0,0,,,,,,,,11/08/2021,31/08/2021,,,1,0,0.720000,,,Core Only,PRF-2021-07-370861.pdf
177,,,152,,SAI01,,C11 - Bacardi Carta Blanca 70cl,,E,13/10/2021,02/11/2021,13/10/2021,02/11/2021,,2377216,,,,,,0,0,,,,,,,,13/10/2021,02/11/2021,,,1,0,0.800000,,,All Core and Convenience Stores,PRF-2021-07-372380.pdf
178,,,153,,SAI01,,C9 - Bacardi Spiced 70cl,,E,01/09/2021,21/09/2021,01/09/2021,21/09/2021,,7967008,,,,,,0,0,,,,,,,,01/09/2021,21/09/2021,,,1,0,0.790000,,,Core Only,PRF-2021-08-374951.pdf
179,,,154,,SAI01,,C9 - Bacardi Carta Blanca 70cl,,E,01/09/2021,21/09/2021,01/09/2021,21/09/2021,,2377216,,,,,,0,0,,,,,,,,01/09/2021,21/09/2021,,,1,0,0.800000,,,All Core and Convenience Stores,PRF-2021-08-374956.pdf
180,,,155,,SAI01,,C9 - Bombay Bramble 70cl,,E,01/09/2021,21/09/2021,01/09/2021,21/09/2021,,8012350,,,,,,0,0,,,,,,,,01/09/2021,21/09/2021,,,1,0,0.480000,,,Core Only,PRF-2021-08-374957.pdf
181,,,156,,SAI01,,C9 - Bombay Sapphire 1L,,E,01/09/2021,21/09/2021,01/09/2021,21/09/2021,,3355909,,,,,,0,0,,,,,,,,01/09/2021,21/09/2021,,,1,0,0.250000,,,Core Only,PRF-2021-08-374959.pdf
182,,,157,,SAI01,,C9 - Martini Vibrante 75cl,,E,01/09/2021,21/09/2021,01/09/2021,21/09/2021,,8021833,,,,,,0,0,,,,,,,,01/09/2021,21/09/2021,,,1,0,1.220000,,,Core Only,PRF-2021-08-374961.pdf
183,,,158,,SAI01,,C9 - Patron XO 35cl,,E,01/09/2021,21/09/2021,01/09/2021,21/09/2021,,7623801,,,,,,0,0,,,,,,,,01/09/2021,21/09/2021,,,1,0,0.100000,,,Core Only,PRF-2021-08-374964.pdf
184,,,159,,SAI01,,C10 - Bacardi Spiced 1L,,E,22/09/2021,12/10/2021,22/09/2021,12/10/2021,,7966994,,,,,,0,0,,,,,,,,22/09/2021,12/10/2021,,,1,0,0.160000,,,Core Only,PRF-2021-09-377697.pdf
185,,,160,,SAI01,,C10 - Bombay Sapphire 70cl,,E,22/09/2021,12/10/2021,22/09/2021,12/10/2021,,2623733,,,,,,0,0,,,,,,,,22/09/2021,12/10/2021,,,1,0,0.360000,,,Core Only,PRF-2021-09-377699.pdf
186,,,161,,SAI01,,C10 - Bombay Sapphire 35cl,,E,22/09/2021,12/10/2021,22/09/2021,12/10/2021,,7988453,,,,,,0,0,,,,,,,,22/09/2021,12/10/2021,,,1,0,0.580000,,,Core Only,PRF-2021-09-377700.pdf
187,,,162,,SAI01,,C10 - Martini Vermouth 75cl -,,E,22/09/2021,12/10/2021,22/09/2021,12/10/2021,,7974553,,,,,,0,0,,,,,,,,22/09/2021,12/10/2021,,,1,0,0.810000,,,Core Only,PRF-2021-09-377701.pdf
188,,,162,,SAI01,,C10 - Martini Vermouth 75cl -,,E,22/09/2021,12/10/2021,22/09/2021,12/10/2021,,7974560,,,,,,0,0,,,,,,,,22/09/2021,12/10/2021,,,1,0,0.810000,,,Core Only,PRF-2021-09-377701.pdf
189,,,162,,SAI01,,C10 - Martini Vermouth 75cl -,,E,22/09/2021,12/10/2021,22/09/2021,12/10/2021,,7974548,,,,,,0,0,,,,,,,,22/09/2021,12/10/2021,,,1,0,0.810000,,,Core Only,PRF-2021-09-377701.pdf
190,,,163,,SAI01,,C11 - Bombay Sapphire 1L,,E,13/10/2021,02/11/2021,13/10/2021,02/11/2021,,3355909,,,,,,0,0,,,,,,,,13/10/2021,02/11/2021,,,1,0,0.460000,,,Core Only,PRF-2021-09-377703.pdf
191,,,164,,SAI01,,C11 - Martini Vibrante 75cl,,E,13/10/2021,02/11/2021,13/10/2021,02/11/2021,,8021833,,,,,,0,0,,,,,,,,13/10/2021,02/11/2021,,,1,0,1.220000,,,Core Only,PRF-2021-09-377705.pdf
192,,,160,,SAI01,,C10 - Bombay Sapphire 70cl,,E,22/09/2021,12/10/2021,22/09/2021,12/10/2021,,2623733,,,,,,0,0,,,,,,,,22/09/2021,12/10/2021,,,1,0,0.360000,,,Convenience Only,PRF-2021-09-377893.pdf
193,,,165,,SAI01,,C12 - Bacardi Spiced 1L,,E,03/11/2021,23/11/2021,03/11/2021,23/11/2021,,7966994,,,,,,0,0,,,,,,,,03/11/2021,23/11/2021,,,1,0,0.160000,,,Core Only,PRF-2021-09-380723.pdf
194,,,166,,SAI01,,C12 - Bacardi Carta Blanca 1L,,E,03/11/2021,23/11/2021,03/11/2021,23/11/2021,,2397870,,,,,,0,0,,,,,,,,03/11/2021,23/11/2021,,,1,0,0.720000,,,Core Only,PRF-2021-09-380725.pdf
195,,,167,,SAI01,,C12 - Bombay Bramble 70cl,,E,03/11/2021,23/11/2021,03/11/2021,23/11/2021,,8012350,,,,,,0,0,,,,,,,,03/11/2021,23/11/2021,,,1,0,0.480000,,,Core Only,PRF-2021-09-380732.pdf
196,,,168,,SAI01,,C12 - Bombay Sapphire 70cl,,E,03/11/2021,23/11/2021,03/11/2021,23/11/2021,,2623733,,,,,,0,0,,,,,,,,03/11/2021,23/11/2021,,,1,0,0.180000,,,Core Only,PRF-2021-09-380733.pdf
197,,,168,,SAI01,,C12 - Bombay Sapphire 70cl,,E,03/11/2021,23/11/2021,03/11/2021,23/11/2021,,2623733,,,,,,0,0,,,,,,,,03/11/2021,23/11/2021,,,1,0,0.180000,,,Convenience Only,PRF-2021-09-380735.pdf
198,,,169,,SAI01,,C11 - Bombay Sapphire 1L,,E,13/10/2021,02/11/2021,13/10/2021,02/11/2021,,3355909,,,,,,0,0,,,,,,,,13/10/2021,02/11/2021,,,1,0,0.530000,,,Core Only,PRF-2021-09-380771.pdf
199,,,170,,SAI01,,C13 - Bombay Sapphire 1L,,E,24/11/2021,14/12/2021,24/11/2021,14/12/2021,,3355909,,,,,,0,0,,,,,,,,24/11/2021,14/12/2021,,,1,0,0.530000,,,Core Only,PRF-2021-09-380795.pdf
200,,,171,,SAI01,,C14 - Bacardi Carta Blanca 1L,,E,15/12/2021,04/01/2022,15/12/2021,04/01/2022,,2397870,,,,,,0,0,,,,,,,,15/12/2021,04/01/2022,,,1,0,0.720000,,,Core Only,PRF-2021-09-380799.pdf
201,,,172,,SAI01,,C13 - Bombay Sapphire Sunset,,E,24/11/2021,14/12/2021,24/11/2021,14/12/2021,,8086590,,,,,,0,0,,,,,,,,24/11/2021,14/12/2021,,,1,0,0.500000,,,Core Only,PRF-2021-09-380803.pdf
202,,,173,,SAI01,,C13 - Grey Goose 70cl,,E,24/11/2021,14/12/2021,24/11/2021,14/12/2021,,4182931,,,,,,0,0,,,,,,,,24/11/2021,14/12/2021,,,1,0,0.710000,,,Core Only,PRF-2021-09-380809.pdf
203,,,173,,SAI01,,C13 - Grey Goose 70cl,,E,24/11/2021,14/12/2021,24/11/2021,14/12/2021,,4182931,,,,,,0,0,,,,,,,,24/11/2021,14/12/2021,,,1,0,0.710000,,,Convenience Only,PRF-2021-09-380812.pdf
204,,,174,,SAI01,,C13 - Martini Vermouth 75cl -,,E,24/11/2021,14/12/2021,24/11/2021,14/12/2021,,7974553,,,,,,0,0,,,,,,,,24/11/2021,14/12/2021,,,1,0,0.810000,,,Core Only,PRF-2021-09-380815.pdf
205,,,174,,SAI01,,C13 - Martini Vermouth 75cl -,,E,24/11/2021,14/12/2021,24/11/2021,14/12/2021,,7974560,,,,,,0,0,,,,,,,,24/11/2021,14/12/2021,,,1,0,0.810000,,,Core Only,PRF-2021-09-380815.pdf
206,,,174,,SAI01,,C13 - Martini Vermouth 75cl -,,E,24/11/2021,14/12/2021,24/11/2021,14/12/2021,,7974548,,,,,,0,0,,,,,,,,24/11/2021,14/12/2021,,,1,0,0.810000,,,Core Only,PRF-2021-09-380815.pdf
207,,,175,,SAI01,,C13 - Benedictine 50cl,,E,24/11/2021,14/12/2021,24/11/2021,14/12/2021,,3167168,,,,,,0,0,,,,,,,,24/11/2021,14/12/2021,,,1,0,0.250000,,,Core Only,PRF-2021-09-380818.pdf
208,,,172,,SAI01,,C13 - Bacardi Carta Blanca 70cl,,E,24/11/2021,14/12/2021,24/11/2021,14/12/2021,,2377216,,,,,,0,0,,,,,,,,24/11/2021,14/12/2021,,,1,0,0.500000,,,Core Only,PRF-2021-09-380823.pdf
209,,,176,,SAI01,,C14 - Bombay Sapphire 70cl,,E,15/12/2021,01/01/2022,15/12/2021,01/01/2022,,2623733,,,,,,0,0,,,,,,,,15/12/2021,01/01/2022,,,1,0,0.360000,,,Core Only,PRF-2021-09-380834.pdf
210,,,176,,SAI01,,C14 - Bombay Sapphire 70cl,,E,15/12/2021,01/01/2022,15/12/2021,01/01/2022,,2623733,,,,,,0,0,,,,,,,,15/12/2021,01/01/2022,,,1,0,0.360000,,,Convenience Only,PRF-2021-09-380835.pdf
211,,,177,,SAI01,,C14 - Bombay Bramble 70cl,,E,15/12/2021,01/01/2022,15/12/2021,01/01/2022,,8012350,,,,,,0,0,,,,,,,,15/12/2021,01/01/2022,,,1,0,0.480000,,,Core Only,PRF-2021-09-380836.pdf
212,,,178,,SAI01,,C14 - Bacardi Spiced 1L,,E,15/12/2021,04/01/2022,15/12/2021,04/01/2022,,7966994,,,,,,0,0,,,,,,,,15/12/2021,04/01/2022,,,1,0,0.160000,,,Core Only,PRF-2021-09-380837.pdf
213,,,179,,SAI01,,C14 - Grey Goose 70cl,,E,15/12/2021,01/01/2022,15/12/2021,01/01/2022,,4182931,,,,,,0,0,,,,,,,,15/12/2021,01/01/2022,,,1,0,0.710000,,,Core Only,PRF-2021-09-380839.pdf
214,,,180,,SAI01,,C14 - Martini Vermouth 75cl -,,E,15/12/2021,04/01/2022,15/12/2021,04/01/2022,,7974553,,,,,,0,0,,,,,,,,15/12/2021,04/01/2022,,,1,0,0.810000,,,Core Only,PRF-2021-09-380840.pdf
215,,,180,,SAI01,,C14 - Martini Vermouth 75cl -,,E,15/12/2021,04/01/2022,15/12/2021,04/01/2022,,7974560,,,,,,0,0,,,,,,,,15/12/2021,04/01/2022,,,1,0,0.810000,,,Core Only,PRF-2021-09-380840.pdf
216,,,180,,SAI01,,C14 - Martini Vermouth 75cl -,,E,15/12/2021,04/01/2022,15/12/2021,04/01/2022,,7974548,,,,,,0,0,,,,,,,,15/12/2021,04/01/2022,,,1,0,0.810000,,,Core Only,PRF-2021-09-380840.pdf
217,,,181,,SAI01,,C14 - Martini Vibrante 75cl,,E,15/12/2021,01/01/2022,15/12/2021,01/01/2022,,8021833,,,,,,0,0,,,,,,,,15/12/2021,01/01/2022,,,1,0,1.220000,,,Core Only,PRF-2021-09-380841.pdf
218,,,182,,SAI01,,C14 - Benedictine 50cl,,E,15/12/2021,04/01/2022,15/12/2021,04/01/2022,,3167168,,,,,,0,0,,,,,,,,15/12/2021,04/01/2022,,,1,0,0.250000,,,Core Only,PRF-2021-09-380842.pdf
219,,,172,,SAI01,,C13 - Bacardi Carta Blanca 70cl,,E,24/11/2021,14/12/2021,24/11/2021,14/12/2021,,2377216,,,,,,0,0,,,,,,,,24/11/2021,14/12/2021,,,1,0,0.500000,,,Convenience Only,PRF-2021-09-380863.pdf
220,,,183,,SAI01,,C13 - Bacardi Carta Blanca 1L,,E,24/11/2021,14/12/2021,24/11/2021,14/12/2021,,2397870,,,,,,0,0,,,,,,,,24/11/2021,14/12/2021,,,1,0,0.720000,,,Core Only,PRF-2021-09-380865.pdf
221,,,184,,SAI01,,Cycle 15 - Martini Vibrante 75cl,,E,02/01/2022,18/01/2022,02/01/2022,18/01/2022,,8021833,,,,,,0,0,,,,,,,,02/01/2022,18/01/2022,,,1,0,1.220000,,,Core Only,PRF-2021-12-390647.pdf
222,,,185,,SAI01,,C16 - Bombay Sapphire 70cl,,E,22/01/2022,08/02/2022,22/01/2022,08/02/2022,,2623733,,,,,,0,0,,,,,,,,22/01/2022,08/02/2022,,,1,0,0.180000,,,All Core and Convenience Stores,PRF-2022-01-392155.pdf
223,,,186,,SAI01,,C16 - Bombay Bramble 70cl,,E,31/01/2022,20/02/2022,31/01/2022,20/02/2022,,8012350,,,,,,0,0,,,,,,,,31/01/2022,20/02/2022,,,1,0,0.480000,,,Core Only,PRF-2022-01-392256.pdf
224,,,187,,SAI01,,C16 - Bacardi Carta Blanca 70cl,,E,19/01/2022,08/02/2022,19/01/2022,08/02/2022,,2377216,,,,,,0,0,,,,,,,,19/01/2022,08/02/2022,,,1,0,0.500000,,,Core Only,PRF-2022-01-392674.pdf
225,,,188,,SAI01,,C17 - Bombay Sapphire 1L,,E,09/02/2022,01/03/2022,09/02/2022,01/03/2022,,3355909,,,,,,0,0,,,,,,,,09/02/2022,01/03/2022,,,1,0,0.250000,,,Core Only,PRF-2022-01-393849.pdf
226,,,189,,SAI01,,C17 - Bacardi Carta Blanca 1L,,E,09/02/2022,01/03/2022,09/02/2022,01/03/2022,,2397870,,,,,,0,0,,,,,,,,09/02/2022,01/03/2022,,,1,0,0.720000,,,Core Only,PRF-2022-01-393850.pdf
227,,,190,,SAI01,,C17 - Bacardi Spiced 1L,,E,09/02/2022,01/03/2022,09/02/2022,01/03/2022,,7966994,,,,,,0,0,,,,,,,,09/02/2022,01/03/2022,,,1,0,0.160000,,,Core Only,PRF-2022-01-393851.pdf
228,,,191,,SAI01,,C17 - Bombay Sapphire Sunset,,E,09/02/2022,01/03/2022,09/02/2022,01/03/2022,,8086590,,,,,,0,0,,,,,,,,09/02/2022,01/03/2022,,,1,0,0.500000,,,Core Only,PRF-2022-01-393852.pdf
229,,,192,,SAI01,,C17 - Martini Vermouth 75cl -,,E,09/02/2022,01/03/2022,09/02/2022,01/03/2022,,7974553,,,,,,0,0,,,,,,,,09/02/2022,01/03/2022,,,1,0,0.810000,,,Core Only,PRF-2022-01-393855.pdf
230,,,192,,SAI01,,C17 - Martini Vermouth 75cl -,,E,09/02/2022,01/03/2022,09/02/2022,01/03/2022,,7974560,,,,,,0,0,,,,,,,,09/02/2022,01/03/2022,,,1,0,0.810000,,,Core Only,PRF-2022-01-393855.pdf
231,,,192,,SAI01,,C17 - Martini Vermouth 75cl -,,E,09/02/2022,01/03/2022,09/02/2022,01/03/2022,,7974548,,,,,,0,0,,,,,,,,09/02/2022,01/03/2022,,,1,0,0.810000,,,Core Only,PRF-2022-01-393855.pdf
232,,,193,,SAI01,,C17 - Bombay Sapphire 70cl,,E,02/03/2022,22/03/2022,02/03/2022,22/03/2022,,2623733,,,,,,0,0,,,,,,,,02/03/2022,22/03/2022,,,1,0,0.360000,,,Core Only,PRF-2022-01-393856.pdf
233,,,194,,SAI01,,C17 - Bombay Sapphire 70cl,,E,13/03/2022,27/03/2022,13/03/2022,27/03/2022,,2623733,,,,,,0,0,,,,,,,,13/03/2022,27/03/2022,,,1,0,0.360000,,,Convenience Only,PRF-2022-01-393857.pdf
234,,,195,,SAI01,,C17 - Martini Vibrante 75cl,,E,02/03/2022,22/03/2022,02/03/2022,22/03/2022,,8021833,,,,,,0,0,,,,,,,,02/03/2022,22/03/2022,,,1,0,1.220000,,,Core Only,PRF-2022-01-393858.pdf
235,,,196,,SAI01,,C1 - Bacardi Carta Blanca 70cl,,E,23/03/2022,05/04/2022,23/03/2022,05/04/2022,,2377216,,,,,,0,0,,,,,,,,23/03/2022,05/04/2022,,,1,0,0.500000,,,All Core and Convenience Stores,PRF-2022-02-397723.pdf
236,,,197,,SAI01,,C2 - Bacardi Carta Blanca 1L,,E,06/04/2022,26/04/2022,06/04/2022,26/04/2022,,2397870,,,,,,0,0,,,,,,,,06/04/2022,26/04/2022,,,1,0,0.720000,,,Core Only,PRF-2022-02-397724.pdf
237,,,198,,SAI01,,C2 - Bombay Sapphire 1L,,E,06/04/2022,26/04/2022,06/04/2022,26/04/2022,,3355909,,,,,,0,0,,,,,,,,06/04/2022,26/04/2022,,,1,0,0.780000,,,Core Only,PRF-2022-02-397726.pdf
238,,,199,,SAI01,,C2 - Bacardi Spiced 1L,,E,06/04/2022,26/04/2022,06/04/2022,26/04/2022,,7966994,,,,,,0,0,,,,,,,,06/04/2022,26/04/2022,,,1,0,0.150000,,,Core Only,PRF-2022-02-397728.pdf
239,,,200,,SAI01,,C2 - Martini Vermouth 75cl,,E,06/04/2022,26/04/2022,06/04/2022,26/04/2022,,7974553,,,,,,0,0,,,,,,,,06/04/2022,26/04/2022,,,1,0,1.010000,,,Core Only,PRF-2022-02-397735.pdf
240,,,200,,SAI01,,C2 - Martini Vermouth 75cl,,E,06/04/2022,26/04/2022,06/04/2022,26/04/2022,,7974560,,,,,,0,0,,,,,,,,06/04/2022,26/04/2022,,,1,0,1.010000,,,Core Only,PRF-2022-02-397735.pdf
241,,,200,,SAI01,,C2 - Martini Vermouth 75cl,,E,06/04/2022,26/04/2022,06/04/2022,26/04/2022,,7974548,,,,,,0,0,,,,,,,,06/04/2022,26/04/2022,,,1,0,1.010000,,,Core Only,PRF-2022-02-397735.pdf
