Salitix_Client_Number,salitix_customer_number,Retailer_Product_Number,Item No,Item Desc
CL001,MOR01,111688573,,
CL001,MOR01,110887167,,
CL001,MOR01,108225383,,
CL001,MOR01,108181691,,
CL001,MOR01,108225236,,
CL001,MOR01,107346829,,
CL001,MOR01,107346790,,
CL001,MOR01,101571620,,
CL001,MOR01,101550917,,
CL001,MOR01,107346651,,
CL001,MOR01,110709467,,
CL001,MOR01,101530449,,
CL001,MOR01,102859844,,
CL001,MOR01,111947504,,
CL001,MOR01,106892756,,
CL001,MOR01,101545798,,
CL001,MOR01,111124452,,
CL001,MOR01,107346626,,
CL001,MOR01,101524487,,
CL001,MOR01,105034101,,
CL001,MOR01,109823351,,
CL001,MOR01,109191816,,
CL001,MOR01,112213596,,
CL001,MOR01,108711947,,
CL001,MOR01,106892801,,
CL001,MOR01,110164348,,
CL001,MOR01,102861012,,
CL001,MOR01,101547574,,
CL001,MOR01,109152454,,
CL001,MOR01,112429830,,
CL001,MOR01,110197570,,
CL001,MOR01,101538352,,
CL001,MOR01,110538397,,
CL001,MOR01,108711824,,
CL001,MOR01,111920150,,
CL001,MOR01,111124321,,
CL001,MOR01,101553173,,
CL001,MOR01,111854762,,
CL001,MOR01,112429717,,
CL001,MOR01,111096658,,
CL001,MOR01,110828280,,
CL001,MOR01,110566591,,
CL001,MOR01,110172815,,
CL001,MOR01,112442364,,
CL001,MOR01,108711883,,
CL001,MOR01,111765575,,
CL001,MOR01,101541893,,
CL001,MOR01,110620729,,
CL001,MOR01,109999090,,
CL001,MOR01,107346765,,
CL001,MOR01,109823449,,
CL001,MOR01,101527696,,
CL001,MOR01,110887116,,
CL001,MOR01,110804827,,
CL001,MOR01,109191883,,
CL001,MOR01,110642143,,
CL001,MOR01,110642080,,
CL001,MOR01,109823385,,
CL001,MOR01,112050580,,
CL001,MOR01,106962700,,
CL001,MOR01,112429928,,
CL001,MOR01,101534837,,
CL002,MOR01,110204047,,
CL002,MOR01,108268703,,
CL002,MOR01,108129164,,
CL002,MOR01,100112982,,
CL002,MOR01,109933402,,
CL002,MOR01,104537873,,
CL002,MOR01,111049675,,
CL002,MOR01,110428315,,
CL002,MOR01,106655734,,
CL002,MOR01,107146851,,
CL002,MOR01,106331191,,
CL002,MOR01,108801432,,
CL002,MOR01,105405012,,
CL002,MOR01,110010568,,
CL002,MOR01,109702145,,
CL002,MOR01,109151013,,
CL002,MOR01,111324905,,
CL002,MOR01,109413888,,
CL002,MOR01,109258460,,
CL002,MOR01,110236006,,
CL002,MOR01,100112878,,
CL002,MOR01,112250274,,
CL002,MOR01,107164152,,
CL002,MOR01,109638041,,
CL002,MOR01,108878392,,
CL002,MOR01,100125572,,
CL002,MOR01,105029619,,
CL002,MOR01,110940634,,
CL002,MOR01,109413925,,
CL002,MOR01,111049843,,
CL002,MOR01,110960301,,
CL002,MOR01,112595491,,
CL002,MOR01,100117628,,
CL002,MOR01,100126858,,
CL002,MOR01,106093276,,
CL002,MOR01,100112190,,
CL002,MOR01,102374919,,
CL002,MOR01,102896901,,
CL002,MOR01,109275593,,
CL002,MOR01,112369822,,
CL002,MOR01,112164886,,
CL002,MOR01,100126137,,
CL002,MOR01,100120430,,
CL002,MOR01,100119818,,
CL002,MOR01,107278256,,
CL002,MOR01,111434012,,
CL002,MOR01,111433255,,
CL002,MOR01,108027070,,
CL002,MOR01,111580263,,
CL002,MOR01,110549045,,
CL002,MOR01,100120333,,
CL002,MOR01,106072707,,
CL002,MOR01,112461186,,
CL002,MOR01,112595627,,
CL002,MOR01,110416605,,
CL002,MOR01,107345324,,
CL002,MOR01,109333642,,
CL002,MOR01,105405151,,
CL002,MOR01,100180643,,
CL002,MOR01,109415285,,
CL002,MOR01,112529283,,
CL002,MOR01,109933234,,
CL002,MOR01,110471461,,
CL002,MOR01,111811017,,
CL002,MOR01,109665305,,
CL002,MOR01,105989011,,
CL002,MOR01,110918859,,
CL002,MOR01,106331561,,
CL002,MOR01,111486103,,
CL002,MOR01,105405055,,
CL002,MOR01,112506428,,
CL002,MOR01,100116377,,
CL002,MOR01,100120456,,
CL002,MOR01,110763009,,
CL002,MOR01,100120624,,
CL002,MOR01,110791000,,
CL002,MOR01,110010533,,
CL002,MOR01,112461346,,
CL002,MOR01,100112974,,
CL002,MOR01,107628148,,
CL002,MOR01,107923462,,
CL002,MOR01,109413984,,
CL002,MOR01,109933824,,
CL002,MOR01,106282472,,
CL002,MOR01,102376519,,
CL002,MOR01,100126680,,
CL002,MOR01,112369187,,
CL002,MOR01,112582404,,
CL002,MOR01,100180900,,
CL002,MOR01,108950454,,
CL002,MOR01,111184885,,
CL002,MOR01,111049763,,
CL002,MOR01,100120552,,
CL002,MOR01,111618444,,
CL002,MOR01,110762971,,
CL002,MOR01,111905195,,
CL002,MOR01,102511266,,
CL002,MOR01,111905304,,
CL002,MOR01,110686541,,
CL002,MOR01,106672446,,
CL002,MOR01,109255365,,
CL002,MOR01,111001866,,
CL002,MOR01,100120501,,
CL002,MOR01,108027150,,
CL002,MOR01,108542549,,
CL002,MOR01,111817363,,
CL002,MOR01,109854835,,
CL002,MOR01,100181048,,
CL002,MOR01,112183091,,
CL002,MOR01,106072580,,
CL002,MOR01,110767499,,
CL002,MOR01,105405127,,
CL002,MOR01,104204913,,
CL002,MOR01,106282659,,
CL002,MOR01,107604082,,
CL002,MOR01,110416541,,
CL002,MOR01,111422513,,
CL002,MOR01,111809822,,
CL002,MOR01,100120641,,
CL002,MOR01,100120616,,
CL002,MOR01,100106064,,
CL002,MOR01,111486200,,
CL002,MOR01,111159751,,
CL002,MOR01,111578235,,
CL002,MOR01,109485195,,
CL002,MOR01,100126655,,
CL002,MOR01,107285798,,
CL002,MOR01,110416808,,
CL002,MOR01,108745901,,
CL002,MOR01,102376527,,
CL002,MOR01,106072467,,
CL002,MOR01,100120376,,
CL002,MOR01,110960467,,
CL002,MOR01,107149981,,
CL002,MOR01,107161568,,
CL002,MOR01,109415226,,
CL002,MOR01,106072774,,
CL002,MOR01,112234151,,
CL002,MOR01,111324930,,
CL002,MOR01,109858334,,
CL002,MOR01,112529101,,
CL002,MOR01,111811092,,
CL002,MOR01,110489599,,
CL002,MOR01,108268674,,
CL002,MOR01,112165045,,
CL002,MOR01,111115556,,
CL002,MOR01,104545064,,
CL002,MOR01,108832141,,
CL002,MOR01,100117871,,
CL002,MOR01,112506559,,
CL002,MOR01,106530510,,
CL002,MOR01,107136303,,
CL002,MOR01,107285501,,
CL002,MOR01,110549459,,
CL002,MOR01,108950665,,
CL002,MOR01,106694400,,
CL002,MOR01,101787914,,
CL002,MOR01,106207940,,
CL002,MOR01,104744119,,
CL002,MOR01,109933437,,
CL002,MOR01,110960627,,
CL002,MOR01,104927935,,
CL002,MOR01,105768147,,
CL002,MOR01,110443689,,
CL002,MOR01,111817275,,
CL002,MOR01,106073030,,
CL002,MOR01,102376332,,
CL002,MOR01,107923518,,
CL002,MOR01,110960715,,
CL002,MOR01,108950497,,
CL002,MOR01,112438592,,
CL002,MOR01,108566655,,
CL002,MOR01,110412647,,
CL002,MOR01,111580132,,
CL002,MOR01,106073671,,
CL002,MOR01,100120413,,
CL002,MOR01,110236612,,
CL002,MOR01,102520189,,
CL002,MOR01,111609206,,
CL002,MOR01,107961661,,
CL002,MOR01,108878309,,
CL002,MOR01,111084921,,
CL002,MOR01,109702022,,
CL002,MOR01,112165037,,
CL002,MOR01,100117661,,
CL002,MOR01,106331502,,
CL002,MOR01,112165176,,
CL002,MOR01,100112931,,
CL002,MOR01,110204080,,
CL002,MOR01,104811035,,
CL002,MOR01,106331166,,
CL002,MOR01,106571637,,
CL002,MOR01,100120464,,
CL002,MOR01,111809970,,
CL002,MOR01,107680122,,
CL002,MOR01,100112755,,
CL002,MOR01,100111568,,
CL002,MOR01,110960580,,
CL002,MOR01,100874135,,
CL002,MOR01,110767211,,
CL002,MOR01,110648414,,
CL002,MOR01,111580360,,
CL002,MOR01,107285253,,
CL002,MOR01,106331537,,
CL002,MOR01,103994811,,
CL002,MOR01,108027037,,
CL002,MOR01,110007908,,
CL002,MOR01,110011464,,
CL002,MOR01,100112907,,
CL002,MOR01,108542581,,
CL002,MOR01,102374775,,
CL002,MOR01,108950690,,
CL002,MOR01,110416630,,
CL002,MOR01,110427531,,
CL002,MOR01,109255251,,
CL002,MOR01,106206200,,
CL002,MOR01,100126891,,
CL002,MOR01,102376501,,
CL002,MOR01,105023541,,
CL002,MOR01,109854801,,
CL002,MOR01,100180635,,
CL002,MOR01,100120632,,
CL002,MOR01,100113678,,
CL002,MOR01,100120472,,
CL002,MOR01,108801483,,
CL002,MOR01,111776661,,
CL002,MOR01,106282448,,
CL002,MOR01,100126153,,
CL002,MOR01,112369304,,
CL002,MOR01,100120448,,
CL002,MOR01,102374783,,
CL002,MOR01,108171426,,
CL002,MOR01,100120270,,
CL002,MOR01,107273851,,
CL002,MOR01,111616123,,
CL002,MOR01,112595475,,
CL002,MOR01,105691531,,
CL002,MOR01,106073646,,
CL002,MOR01,100113758,,
CL002,MOR01,107136274,,
CL002,MOR01,104928022,,
CL002,MOR01,106072491,,
CL002,MOR01,108068550,,
CL002,MOR01,110471874,,
CL002,MOR01,111572298,,
CL002,MOR01,111434961,,
CL002,MOR01,110855190,,
CL002,MOR01,110427460,,
CL002,MOR01,100116975,,
CL002,MOR01,100126145,,
CL002,MOR01,110824772,,
CL002,MOR01,112369777,,
CL002,MOR01,110783165,,
CL002,MOR01,107273826,,
CL002,MOR01,112153968,,
CL002,MOR01,105031129,,
CL002,MOR01,100120296,,
CL002,MOR01,107535144,,
CL002,MOR01,111810911,,
CL002,MOR01,111905312,,
CL002,MOR01,107629378,,
CL002,MOR01,111904002,,
CL002,MOR01,111905208,,
CL002,MOR01,110427494,,
CL002,MOR01,111810145,,
CL002,MOR01,107137980,,
CL002,MOR01,110416672,,
CL002,MOR01,102882817,,
CL002,MOR01,111422652,,
CL002,MOR01,104878758,,
CL002,MOR01,111809988,,
CL002,MOR01,109933349,,
CL002,MOR01,100112860,,
CL002,MOR01,110767528,,
CL002,MOR01,107146481,,
CL002,MOR01,107629319,,
CL002,MOR01,110235960,,
CL002,MOR01,106282798,,
CL002,MOR01,110010656,,
CL002,MOR01,104811060,,
CL002,MOR01,109275690,,
CL002,MOR01,112367085,,
CL002,MOR01,104928057,,
CL002,MOR01,112650622,,
CL002,MOR01,110549424,,
CL002,MOR01,108268615,,
CL002,MOR01,112240623,,
CL002,MOR01,110824238,,
CL002,MOR01,110940757,,
CL002,MOR01,109933293,,
CL002,MOR01,109255314,,
CL002,MOR01,112367149,,
CL002,MOR01,102474135,,
CL002,MOR01,109854771,,
CL002,MOR01,100112991,,
CL002,MOR01,112595601,,
CL002,MOR01,111389750,,
CL002,MOR01,111459033,,
CL002,MOR01,101795738,,
CL002,MOR01,107535064,,
CL002,MOR01,108322626,,
CL002,MOR01,109265740,,
CL002,MOR01,109702081,,
CL002,MOR01,100177591,,
CL002,MOR01,108991301,,
CL002,MOR01,111776776,,
CL002,MOR01,100120561,,
CL002,MOR01,108616536,,
CL002,MOR01,111776611,,
CL002,MOR01,100126698,,
CL002,MOR01,111454224,,
CL002,MOR01,111776830,,
CL002,MOR01,109415251,,
CL002,MOR01,106072651,,
CL002,MOR01,104711958,,
CL002,MOR01,109415162,,
CL002,MOR01,106093305,,
CL002,MOR01,100119914,,
CL002,MOR01,112367000,,
CL002,MOR01,107162675,,
CL002,MOR01,100126971,,
CL002,MOR01,100112173,,
CL002,MOR01,110236647,,
CL002,MOR01,104536740,,
CL002,MOR01,100120405,,
CL002,MOR01,104409767,,
CL002,MOR01,111817152,,
CL002,MOR01,100177807,,
CL002,MOR01,105405098,,
CL002,MOR01,108832116,,
CL002,MOR01,100177639,,
CL002,MOR01,102880344,,
CL002,MOR01,100126962,,
CL002,MOR01,105853616,,
CL002,MOR01,100120392,,
CL002,MOR01,100112966,,
CL002,MOR01,106282595,,
CL002,MOR01,110606628,,
CL002,MOR01,110791077,,
CL002,MOR01,112195236,,
CL002,MOR01,111776725,,
CL002,MOR01,100126196,,
CL002,MOR01,100119906,,
CL002,MOR01,100126882,,
CL002,MOR01,100126161,,
CL002,MOR01,103994044,,
CL002,MOR01,109933672,,
CL002,MOR01,101787869,,
CL002,MOR01,110767317,,
CL002,MOR01,100272450,,
CL002,MOR01,104538809,,
CL002,MOR01,111422767,,
CL002,MOR01,107146616,,
CL002,MOR01,100125581,,
CL002,MOR01,111578147,,
CL002,MOR01,100112886,,
CL002,MOR01,111468095,,
CL002,MOR01,110412671,,
CL002,MOR01,110489071,,
CL002,MOR01,100125599,,
CL002,MOR01,106282755,,
CL002,MOR01,100126671,,
CL002,MOR01,107629255,,
CL002,MOR01,105859436,,
CL002,MOR01,106282712,,
CL002,MOR01,110427435,,
CL002,MOR01,108991361,,
CL002,MOR01,100125601,,
CL002,MOR01,104538921,,
CL002,MOR01,106571688,,
CL002,MOR01,100126989,,
CL002,MOR01,111810153,,
CL002,MOR01,111739502,,
CL002,MOR01,100180441,,
CL002,MOR01,110010681,,
CL002,MOR01,109854747,,
CL002,MOR01,100272484,,
CL002,MOR01,110922591,,
CL002,MOR01,111572247,,
CL002,MOR01,100116916,,
CL002,MOR01,107011797,,
CL002,MOR01,111620421,,
CL002,MOR01,110022833,,
CL002,MOR01,110010621,,
CL002,MOR01,111076315,,
CL002,MOR01,111580458,,
CL002,MOR01,104208092,,
CL002,MOR01,100117863,,
CL003,MOR01,110406503,,
CL003,MOR01,111322441,,
CL003,MOR01,109427155,,
CL003,MOR01,106072141,,
CL003,MOR01,112668283,,
CL003,MOR01,109307145,,
CL003,MOR01,112367552,,
CL003,MOR01,111853911,,
CL003,MOR01,109151081,,
CL003,MOR01,106073582,,
CL003,MOR01,108637100,,
CL003,MOR01,106372558,,
CL003,MOR01,108457740,,
CL003,MOR01,104583301,,
CL003,MOR01,105040084,,
CL003,MOR01,109431824,,
CL003,MOR01,100885993,,
CL003,MOR01,100106232,,
CL003,MOR01,112671933,,
CL003,MOR01,109479035,,
CL003,MOR01,108359373,,
CL003,MOR01,100121176,,
CL003,MOR01,109833524,,
CL003,MOR01,100916833,,
CL003,MOR01,104208893,,
CL003,MOR01,106418245,,
CL003,MOR01,100106419,,
CL003,MOR01,105020585,,
CL003,MOR01,111117893,,
CL003,MOR01,104402469,,
CL003,MOR01,109409854,,
CL003,MOR01,111117990,,
CL003,MOR01,111572351,,
CL003,MOR01,112035793,,
CL003,MOR01,112371287,,
CL003,MOR01,110406677,,
CL003,MOR01,105745691,,
CL003,MOR01,106087642,,
CL003,MOR01,109921188,,
CL003,MOR01,111347605,,
CL003,MOR01,110427371,,
CL003,MOR01,109431613,,
CL003,MOR01,100116713,,
CL003,MOR01,107149251,,
CL003,MOR01,105020438,,
CL003,MOR01,108053041,,
CL003,MOR01,108457811,,
CL003,MOR01,105038523,,
CL003,MOR01,111854084,,
CL003,MOR01,106072002,,
CL003,MOR01,102861442,,
CL003,MOR01,105987500,,
CL003,MOR01,108313009,,
CL003,MOR01,104744485,,
CL003,MOR01,111252163,,
CL003,MOR01,106991471,,
CL003,MOR01,107146691,,
CL003,MOR01,111563797,,
CL003,MOR01,102876695,,
CL003,MOR01,104209132,,
CL003,MOR01,106566707,,
CL003,MOR01,100106291,,
CL003,MOR01,112035945,,
CL003,MOR01,111252366,,
CL003,MOR01,107147272,,
CL003,MOR01,106073558,,
CL003,MOR01,104583255,,
CL003,MOR01,109328827,,
CL003,MOR01,106418421,,
CL003,MOR01,102878922,,
CL003,MOR01,107145795,,
CL003,MOR01,100116730,,
CL003,MOR01,106072361,,
CL003,MOR01,111176990,,
CL003,MOR01,107978130,,
CL003,MOR01,106073611,,
CL003,MOR01,100116553,,
CL003,MOR01,109156746,,
CL003,MOR01,108569021,,
CL003,MOR01,106072264,,
CL003,MOR01,106072045,,
CL003,MOR01,104402400,,
CL003,MOR01,112031178,,
CL003,MOR01,109702057,,
CL003,MOR01,109432122,,
CL003,MOR01,111342599,,
CL003,MOR01,110183805,,
CL003,MOR01,108052961,,
CL003,MOR01,107145883,,
CL003,MOR01,105036659,,
CL003,MOR01,100121635,,
CL003,MOR01,100126647,,
CL003,MOR01,112666683,,
CL003,MOR01,100126399,,
CL003,MOR01,112362250,,
CL003,MOR01,112177302,,
CL003,MOR01,112050150,,
CL003,MOR01,112362170,,
CL003,MOR01,105768171,,
CL003,MOR01,112371199,,
CL003,MOR01,111117738,,
CL003,MOR01,107136186,,
CL003,MOR01,104209087,,
CL003,MOR01,104206062,,
CL003,MOR01,111853701,,
CL003,MOR01,100111648,,
CL003,MOR01,111563826,,
CL003,MOR01,108270601,,
CL003,MOR01,100126591,,
CL003,MOR01,112672784,,
CL003,MOR01,110600023,,
CL003,MOR01,109703931,,
CL003,MOR01,108449643,,
CL003,MOR01,100126479,,
CL003,MOR01,104208383,,
CL003,MOR01,100116676,,
CL003,MOR01,107939755,,
CL003,MOR01,111221990,,
CL003,MOR01,108567682,,
CL003,MOR01,109432093,,
CL003,MOR01,106072205,,
CL003,MOR01,109836987,,
CL003,MOR01,108371129,,
CL003,MOR01,111265909,,
CL003,MOR01,100126401,,
CL003,MOR01,105401695,,
CL003,MOR01,106566660,,
CL003,MOR01,100125249,,
CL003,MOR01,100121150,,
CL003,MOR01,100116684,,
CL003,MOR01,109437054,,
CL003,MOR01,108312903,,
CL003,MOR01,110214801,,
CL003,MOR01,110773127,,
CL003,MOR01,112041683,,
CL003,MOR01,107932588,,
CL003,MOR01,105066348,,
CL003,MOR01,108529299,,
CL003,MOR01,106373585,,
CL003,MOR01,112035873,,
CL003,MOR01,100126911,,
CL003,MOR01,110596458,,
CL003,MOR01,107058886,,
CL003,MOR01,108313050,,
CL003,MOR01,107136119,,
CL003,MOR01,109921241,,
CL003,MOR01,100125214,,
CL003,MOR01,100106611,,
CL003,MOR01,107146819,,
CL003,MOR01,100111656,,
CL003,MOR01,107149331,,
CL003,MOR01,108499122,,
CL003,MOR01,100125151,,
CL003,MOR01,105740937,,
CL003,MOR01,105415958,,
CL003,MOR01,112359288,,
CL003,MOR01,106072310,,
CL003,MOR01,100116502,,
CL003,MOR01,112670236,,
CL003,MOR01,108364691,,
CL003,MOR01,105038769,,
CL003,MOR01,112359106,,
CL003,MOR01,110031991,,
CL003,MOR01,102878957,,
CL003,MOR01,100119076,,
CL003,MOR01,105929588,,
CL003,MOR01,110056857,,
CL003,MOR01,106468015,,
CL003,MOR01,110772968,,
CL003,MOR01,105691864,,
CL003,MOR01,111252729,,
CL003,MOR01,100126436,,
CL003,MOR01,104402434,,
CL003,MOR01,108312971,,
CL003,MOR01,102878316,,
CL003,MOR01,106566627,,
CL003,MOR01,105038283,,
CL003,MOR01,110869866,,
CL003,MOR01,109367800,,
CL003,MOR01,111584299,,
CL003,MOR01,111054802,,
CL003,MOR01,108637151,,
CL003,MOR01,105053395,,
CL003,MOR01,102861830,,
CL003,MOR01,106131640,,
CL003,MOR01,111265984,,
CL003,MOR01,111342716,,
CL003,MOR01,100126356,,
CL003,MOR01,108313308,,
CL003,MOR01,108313341,,
CL003,MOR01,112670201,,
CL003,MOR01,100126364,,
CL003,MOR01,105020497,,
CL003,MOR01,105415982,,
CL003,MOR01,111159188,,
CL003,MOR01,111838092,,
CL003,MOR01,102878551,,
CL003,MOR01,106073478,,
CL003,MOR01,100126461,,
CL003,MOR01,110134211,,
CL003,MOR01,106413591,,
CL003,MOR01,110869807,,
CL003,MOR01,110763181,,
CL003,MOR01,106372881,,
CL003,MOR01,110773240,,
CL003,MOR01,110766509,,
CL003,MOR01,111252577,,
CL003,MOR01,102878615,,
CL003,MOR01,105015778,,
CL003,MOR01,104926756,,
CL003,MOR01,105284644,,
CL003,MOR01,111865162,,
CL003,MOR01,105041327,,
CL003,MOR01,110763121,,
CL004,MOR01,112597294,,
CL004,MOR01,110918517,,
CL004,MOR01,109257416,,
CL004,MOR01,110794702,,
CL004,MOR01,104081693,,
CL004,MOR01,110403214,,
CL004,MOR01,109826383,,
CL004,MOR01,109199519,,
CL004,MOR01,106289341,,
CL004,MOR01,105725227,,
CL004,MOR01,109826341,,
CL004,MOR01,100001751,,
CL004,MOR01,109199383,,
CL004,MOR01,108536157,,
CL004,MOR01,110918621,,
CL004,MOR01,110892919,,
CL004,MOR01,108536211,,
CL004,MOR01,109826148,,
CL004,MOR01,100001579,,
CL004,MOR01,111984436,,
CL004,MOR01,108537281,,
CL004,MOR01,110403185,,
CL004,MOR01,105730093,,
CL004,MOR01,105655572,,
CL004,MOR01,103262994,,
CL004,MOR01,100001667,,
CL004,MOR01,104131540,,
CL004,MOR01,111384553,,
CL004,MOR01,112462841,,
CL004,MOR01,110794673,,
CL004,MOR01,111403945,,
CL004,MOR01,108536245,,
CL004,MOR01,110898923,,
CL004,MOR01,104081327,,
CL004,MOR01,108537310,,
CL004,MOR01,102855093,,
CL004,MOR01,108537344,,
CL004,MOR01,108536309,,
CL004,MOR01,112458067,,
CL004,MOR01,108247355,,
CL004,MOR01,108537379,,
CL004,MOR01,110712738,,
CL004,MOR01,100001605,,
CL004,MOR01,110782402,,
CL004,MOR01,111097124,,
CL004,MOR01,100002565,,
CL004,MOR01,108531655,,
CL004,MOR01,100002558,,
CL004,MOR01,112117377,,
CL004,MOR01,106342931,,
CL004,MOR01,110794737,,
CL004,MOR01,109826068,,
CL004,MOR01,101799309,,
CL004,MOR01,110712682,,
CL004,MOR01,111984508,,
CL004,MOR01,112114133,,
CL004,MOR01,111405131,,
CL004,MOR01,112458201,,
CL004,MOR01,111147662,,
CL004,MOR01,112458374,,
CL004,MOR01,111097301,,
CL004,MOR01,107258095,,
CL004,MOR01,111037033,,
CL004,MOR01,110892978,,
CL004,MOR01,111367340,,
CL004,MOR01,111037084,,
CL004,MOR01,104917833,,
CL004,MOR01,111406302,,
CL004,MOR01,100001604,,
CL004,MOR01,110994114,,
CL004,MOR01,111984532,,
CL004,MOR01,109826025,,
CL004,MOR01,108536181,,
CL004,MOR01,111984461,,
CL004,MOR01,110403126,,
CL004,MOR01,100001707,,
CL004,MOR01,105737631,,
CL004,MOR01,111394145,,
CL004,MOR01,111999662,,
CL004,MOR01,105725307,,
CL004,MOR01,104749868,,
CL004,MOR01,111127696,,
CL004,MOR01,106178704,,
CL004,MOR01,112458307,,
CL004,MOR01,100001708,,
CL004,MOR01,109257601,,
CL004,MOR01,111293441,,
CL004,MOR01,111378209,,
CL005,MOR01,108321033,,
CL005,MOR01,111580280,,
CL005,MOR01,112424043,,
CL005,MOR01,104889511,,
CL005,MOR01,100157128,,
CL005,MOR01,105920399,,
CL005,MOR01,112379529,,
CL005,MOR01,110802240,,
CL005,MOR01,106047755,,
CL005,MOR01,108280649,,
CL005,MOR01,105137863,,
CL005,MOR01,107616139,,
CL005,MOR01,110697582,,
CL005,MOR01,112284221,,
CL005,MOR01,111268587,,
CL005,MOR01,104025923,,
CL005,MOR01,110688361,,
CL005,MOR01,107140978,,
CL005,MOR01,107616180,,
CL005,MOR01,109633581,,
CL005,MOR01,109823772,,
CL005,MOR01,107140089,,
CL005,MOR01,111268739,,
CL005,MOR01,111580159,,
CL005,MOR01,112387975,,
CL005,MOR01,108434290,,
CL005,MOR01,111049085,,
CL005,MOR01,103955539,,
CL005,MOR01,104461899,,
CL005,MOR01,108321068,,
CL005,MOR01,103955491,,
CL005,MOR01,105133301,,
CL005,MOR01,105232756,,
CL005,MOR01,100916227,,
CL005,MOR01,100383715,,
CL005,MOR01,111865592,,
CL005,MOR01,110802021,,
CL005,MOR01,111592483,,
CL005,MOR01,100162461,,
CL005,MOR01,112379318,,
CL005,MOR01,104025835,,
CL005,MOR01,104029203,,
CL005,MOR01,111268421,,
CL005,MOR01,104469073,,
CL005,MOR01,105134822,,
CL005,MOR01,109354110,,
CL005,MOR01,100144247,,
CL005,MOR01,100157048,,
CL005,MOR01,112284280,,
CL005,MOR01,100144212,,
CL005,MOR01,100143682,,
CL005,MOR01,110355814,,
CL005,MOR01,109354072,,
CL005,MOR01,108320891,,
CL005,MOR01,110960926,,
CL005,MOR01,100162470,,
CL005,MOR01,100110573,,
CL005,MOR01,107848116,,
CL005,MOR01,112379385,,
CL005,MOR01,108649434,,
CL005,MOR01,110960846,,
CL005,MOR01,109759467,,
CL005,MOR01,111203151,,
CL005,MOR01,110951229,,
CL005,MOR01,111053181,,
CL005,MOR01,108716781,,
CL005,MOR01,106101539,,
CL005,MOR01,111053164,,
CL005,MOR01,104068878,,
CL005,MOR01,110802160,,
CL005,MOR01,106500901,,
CL005,MOR01,108379614,,
CL005,MOR01,100101036,,
CL005,MOR01,106324919,,
CL005,MOR01,111865437,,
CL005,MOR01,110097851,,
CL005,MOR01,103954931,,
CL005,MOR01,104889481,,
CL005,MOR01,100157312,,
CL005,MOR01,105384039,,
CL005,MOR01,110383920,,
CL005,MOR01,104998240,,
CL005,MOR01,100101044,,
CL005,MOR01,105383968,,
CL005,MOR01,100162998,,
CL005,MOR01,105920575,,
CL005,MOR01,110383891,,
CL005,MOR01,105611545,,
CL005,MOR01,103955176,,
CL005,MOR01,110355873,,
CL005,MOR01,106047721,,
CL005,MOR01,110856310,,
CL005,MOR01,103955408,,
CL005,MOR01,110048099,,
CL005,MOR01,111048971,,
CL005,MOR01,100272361,,
CL005,MOR01,104366832,,
CL005,MOR01,100108828,,
CL005,MOR01,112255825,,
CL005,MOR01,110697689,,
CL005,MOR01,100143703,,
CL005,MOR01,110355902,,
CL005,MOR01,107140011,,
CL005,MOR01,110355849,,
CL005,MOR01,105232801,,
CL005,MOR01,100157056,,
CL005,MOR01,103954886,,
CL005,MOR01,104029334,,
CL005,MOR01,106929707,,
CL005,MOR01,108760010,,
CL005,MOR01,111048841,,
CL005,MOR01,100157769,,
CL005,MOR01,100144343,,
CL005,MOR01,105134785,,
CL005,MOR01,104029262,,
CL005,MOR01,112379297,,
CL005,MOR01,104031055,,
CL005,MOR01,100144319,,
CL005,MOR01,100157793,,
CL005,MOR01,110960707,,
CL005,MOR01,111268675,,
CL005,MOR01,100144335,,
CL005,MOR01,110383954,,
CL005,MOR01,103955459,,
CL005,MOR01,108434265,,
CL005,MOR01,104912362,,
CL005,MOR01,104889457,,
CL005,MOR01,109759491,,
CL005,MOR01,105137986,,
CL005,MOR01,106021791,,
CL005,MOR01,104460829,,
CL005,MOR01,108895977,,
CL005,MOR01,104536424,,
CL005,MOR01,106351255,,
CL005,MOR01,112276036,,
CL005,MOR01,106098106,,
CL005,MOR01,104025958,,
CL005,MOR01,108320962,,
CL005,MOR01,108786463,,
CL005,MOR01,105920621,,
CL005,MOR01,111865525,,
CL005,MOR01,107506052,,
CL005,MOR01,104998207,,
CL005,MOR01,110706590,,
CL005,MOR01,100157110,,
CL005,MOR01,104025860,,
CL005,MOR01,110846285,,
CL005,MOR01,110097659,,
CL005,MOR01,112387772,,
CL005,MOR01,111268510,,
CL005,MOR01,104536176,,
CL005,MOR01,105232844,,
CL005,MOR01,109633557,,
CL005,MOR01,108434329,,
CL005,MOR01,112379351,,
CL005,MOR01,110706469,,
CL005,MOR01,110859342,,
CL014,MOR01,110770671,,
CL014,MOR01,111299560,,
CL014,MOR01,112254056,,
CL014,MOR01,110866163,,
CL014,MOR01,111523007,,
CL014,MOR01,112411808,,
CL014,MOR01,109287025,,
CL014,MOR01,102374265,,
CL014,MOR01,112273151,,
CL014,MOR01,107478661,,
CL014,MOR01,104385208,,
CL014,MOR01,105735986,,
CL014,MOR01,111603390,,
CL014,MOR01,111296570,,
CL014,MOR01,110479500,,
CL014,MOR01,111841558,,
CL014,MOR01,104184924,,
CL014,MOR01,111299631,,
CL014,MOR01,111296895,,
CL014,MOR01,108527429,,
CL014,MOR01,110202295,,
CL014,MOR01,111239170,,
CL014,MOR01,112359202,,
CL014,MOR01,108095216,,
CL014,MOR01,110487921,,
CL014,MOR01,105174630,,
CL014,MOR01,111865306,,
CL014,MOR01,112433425,,
CL014,MOR01,105607167,,
CL014,MOR01,112434495,,
CL014,MOR01,111140137,,
CL014,MOR01,112299086,,
CL014,MOR01,111085342,,
CL014,MOR01,110767261,,
CL014,MOR01,111085799,,
CL014,MOR01,110775747,,
CL014,MOR01,111296705,,
CL014,MOR01,108922648,,
CL014,MOR01,112212569,,
CL014,MOR01,112239606,,
CL014,MOR01,111299421,,
CL014,MOR01,111139996,,
CL014,MOR01,106517462,,
CL014,MOR01,112464766,,
CL014,MOR01,102374273,,
CL014,MOR01,110872598,,
CL014,MOR01,111296393,,
CL014,MOR01,110782808,,
CL014,MOR01,108093157,,
CL014,MOR01,111296983,,
CL014,MOR01,107478514,,
CL014,MOR01,111250256,,
CL014,MOR01,108527349,,
CL014,MOR01,104575669,,
CL014,MOR01,110479534,,
CL014,MOR01,112337943,,
CL014,MOR01,110480295,,
CL014,MOR01,111395412,,
CL014,MOR01,110878703,,
CL014,MOR01,110459197,,
CL014,MOR01,111250168,,
CL014,MOR01,105728760,,
CL014,MOR01,112235808,,
CL014,MOR01,110479462,,
CL014,MOR01,108527390,,
CL014,MOR01,112433345,,
CL014,MOR01,108527293,,
CL014,MOR01,109375471,,
CL014,MOR01,112359510,,
CL014,MOR01,110488131,,
CL014,MOR01,112254136,,
CL014,MOR01,111592467,,
CL014,MOR01,111139857,,
CL014,MOR01,112258305,,
CL014,MOR01,112254216,,
CL014,MOR01,112393056,,
CL014,MOR01,112267519,,
CL014,MOR01,110487850,,
CL014,MOR01,111841312,,
CL014,MOR01,104608951,,
CL014,MOR01,109842113,,
CL014,MOR01,106832796,,
CL014,MOR01,102376818,,
CL014,MOR01,107961291,,
CL014,MOR01,110487542,,
CL014,MOR01,111841611,,
CL014,MOR01,111557231,,
CL014,MOR01,111296801,,
CL014,MOR01,110488043,,
CL014,MOR01,111841507,,
CL014,MOR01,112273821,,
CL014,MOR01,110487753,,
CL014,MOR01,102373570,,
CL014,MOR01,108527517,,
CL014,MOR01,112212420,,
CL014,MOR01,110775771,,
CL014,MOR01,111841427,,
CL014,MOR01,104356343,,
CL014,MOR01,105523941,,
CL014,MOR01,111085887,,
CL014,MOR01,105523730,,
CL014,MOR01,107478696,,
CL014,MOR01,110802004,,
CL014,MOR01,105728794,,
CL014,MOR01,112234160,,
CL014,MOR01,111277459,,
CL014,MOR01,111149377,,
CL014,MOR01,108093106,,
CL014,MOR01,112472862,,
CL014,MOR01,111881171,,
CL014,MOR01,111139662,,
CL014,MOR01,111761726,,
CL014,MOR01,111297046,,
CL014,MOR01,111811391,,
CL014,MOR01,111123329,,
CL014,MOR01,107484447,,
CL014,MOR01,111841582,,
CL020,MOR01,111452632,,
CL020,MOR01,110237455,,
CL020,MOR01,111708693,,
CL020,MOR01,100404395,,
CL020,MOR01,108998925,,
CL020,MOR01,100414577,,
CL020,MOR01,100388938,,
CL020,MOR01,108810048,,
CL020,MOR01,112102319,,
CL020,MOR01,111020733,,
CL020,MOR01,100417436,,
CL020,MOR01,110322991,,
CL020,MOR01,109949105,,
CL020,MOR01,100395775,,
CL020,MOR01,105640063,,
CL020,MOR01,112037545,,
CL020,MOR01,100390270,,
CL020,MOR01,110755957,,
CL020,MOR01,105898401,,
CL020,MOR01,112054505,,
CL020,MOR01,107628834,,
CL020,MOR01,106475371,,
CL020,MOR01,100403237,,
CL020,MOR01,101798883,,
CL020,MOR01,100395791,,
CL020,MOR01,111706680,,
CL020,MOR01,112186612,,
CL020,MOR01,111786659,,
CL020,MOR01,110461406,,
CL020,MOR01,100129354,,
CL020,MOR01,109098689,,
CL020,MOR01,112505599,,
CL020,MOR01,110741256,,
CL020,MOR01,108810110,,
CL020,MOR01,111786421,,
CL020,MOR01,105712848,,
CL020,MOR01,109612650,,
CL020,MOR01,109948815,,
CL020,MOR01,100128888,,
CL020,MOR01,110188374,,
CL020,MOR01,100414542,,
CL020,MOR01,111020784,,
CL020,MOR01,100402381,,
CL020,MOR01,104291543,,
CL020,MOR01,109097088,,
CL020,MOR01,106524726,,
CL020,MOR01,111600121,,
CL020,MOR01,108974190,,
CL020,MOR01,110575454,,
CL020,MOR01,106852666,,
CL020,MOR01,105609980,,
CL020,MOR01,110762233,,
CL020,MOR01,109277329,,
CL020,MOR01,112093660,,
CL020,MOR01,111403321,,
CL020,MOR01,100395193,,
CL020,MOR01,104770448,,
CL020,MOR01,111718402,,
CL020,MOR01,112071330,,
CL020,MOR01,109840169,,
CL020,MOR01,100395345,,
CL020,MOR01,109826308,,
CL020,MOR01,106846485,,
CL020,MOR01,100388760,,
CL020,MOR01,104151250,,
CL020,MOR01,106902416,,
CL020,MOR01,112386024,,
CL020,MOR01,108834496,,
CL020,MOR01,100398731,,
CL020,MOR01,100415844,,
CL020,MOR01,104797894,,
CL020,MOR01,112054265,,
CL020,MOR01,110741088,,
CL020,MOR01,104754026,,
CL020,MOR01,109949009,,
CL020,MOR01,101793759,,
CL020,MOR01,110723154,,
CL020,MOR01,105644435,,
CL020,MOR01,100365761,,
CL020,MOR01,110701123,,
CL020,MOR01,109278583,,
CL020,MOR01,100107817,,
CL020,MOR01,110833839,,
CL020,MOR01,102376455,,
CL020,MOR01,100417508,,
CL020,MOR01,100397148,,
CL020,MOR01,108373301,,
CL020,MOR01,108382717,,
CL020,MOR01,112088764,,
CL020,MOR01,100132422,,
CL020,MOR01,103279551,,
CL020,MOR01,110807471,,
CL020,MOR01,108550602,,
CL020,MOR01,106661000,,
CL020,MOR01,111122326,,
CL020,MOR01,100401805,,
CL020,MOR01,109560790,,
CL020,MOR01,107153980,,
CL020,MOR01,100145602,,
CL020,MOR01,109276537,,
CL020,MOR01,107477950,,
CL020,MOR01,104021543,,
CL020,MOR01,110575391,,
CL020,MOR01,100129389,,
CL020,MOR01,110739551,,
CL020,MOR01,111042027,,
CL020,MOR01,111083558,,
CL020,MOR01,111765233,,
CL020,MOR01,100894275,,
CL020,MOR01,102375840,,
CL020,MOR01,110188251,,
CL020,MOR01,100131219,,
CL020,MOR01,108810380,,
CL020,MOR01,100132351,,
CL020,MOR01,111462507,,
CL020,MOR01,111763596,,
CL020,MOR01,111765268,,
CL020,MOR01,112236376,,
CL020,MOR01,102377052,,
CL020,MOR01,109985288,,
CL020,MOR01,111563607,,
CL020,MOR01,109826228,,
CL020,MOR01,109948882,,
CL020,MOR01,104438031,,
CL020,MOR01,110730362,,
CL020,MOR01,109277433,,
CL020,MOR01,109277370,,
CL020,MOR01,109831895,,
CL020,MOR01,111482559,,
CL020,MOR01,100414585,,
CL020,MOR01,112618681,,
CL020,MOR01,102376666,,
CL020,MOR01,100412707,,
CL020,MOR01,105855961,,
CL020,MOR01,111083048,,
CL020,MOR01,111459640,,
CL020,MOR01,110766921,,
CL020,MOR01,106515491,,
CL020,MOR01,100414534,,
CL020,MOR01,103274557,,
CL020,MOR01,109276490,,
CL020,MOR01,100366616,,
CL020,MOR01,106261268,,
CL020,MOR01,107623937,,
CL020,MOR01,100402402,,
CL020,MOR01,105644494,,
CL020,MOR01,100402349,,
CL020,MOR01,100102101,,
CL020,MOR01,111992701,,
CL020,MOR01,104438007,,
CL020,MOR01,108948506,,
CL020,MOR01,110940061,,
CL020,MOR01,106365534,,
CL020,MOR01,100395062,,
CL020,MOR01,108834402,,
CL020,MOR01,112054231,,
CL020,MOR01,107594574,,
CL020,MOR01,110730426,,
CL020,MOR01,100400976,,
CL020,MOR01,112386163,,
CL020,MOR01,110132101,,
CL020,MOR01,102376746,,
CL020,MOR01,104770350,,
CL020,MOR01,109826261,,
CL020,MOR01,110701203,,
CL020,MOR01,112075082,,
CL020,MOR01,107594494,,
CL020,MOR01,112195471,,
CL020,MOR01,108292818,,
CL020,MOR01,111277408,,
CL020,MOR01,100401848,,
CL020,MOR01,106893960,,
CL020,MOR01,108840757,,
CL020,MOR01,102377976,,
CL020,MOR01,100416556,,
CL020,MOR01,112463026,,
CL020,MOR01,100401856,,
CL020,MOR01,105652048,,
CL020,MOR01,105638705,,
CL020,MOR01,106087933,,
CL020,MOR01,107783543,,
CL020,MOR01,109277151,,
CL020,MOR01,100398853,,
CL020,MOR01,102375671,,
CL020,MOR01,111656432,,
CL020,MOR01,111083451,,
CL020,MOR01,106786443,,
CL020,MOR01,109948911,,
CL020,MOR01,111083208,,
CL020,MOR01,105638748,,
CL020,MOR01,102374599,,
CL020,MOR01,106515521,,
CL020,MOR01,111122211,,
CL020,MOR01,110756079,,
CL020,MOR01,110461220,,
CL020,MOR01,110461721,,
CL020,MOR01,110755893,,
CL020,MOR01,106365622,,
CL020,MOR01,100102338,,
CL020,MOR01,106163203,,
CL020,MOR01,100388735,,
CL020,MOR01,100414471,,
CL020,MOR01,105106282,,
CL020,MOR01,112195551,,
CL020,MOR01,100412109,,
CL020,MOR01,109405108,,
CL020,MOR01,100395231,,
CL020,MOR01,110188403,,
CL020,MOR01,110729011,,
CL020,MOR01,110461131,,
CL020,MOR01,112102343,,
CL020,MOR01,100389594,,
CL020,MOR01,110191506,,
CL020,MOR01,100401451,,
CL020,MOR01,110683818,,
CL020,MOR01,110460534,,
CL020,MOR01,100414673,,
CL020,MOR01,112534630,,
CL020,MOR01,110108098,,
CL020,MOR01,104865025,,
CL020,MOR01,111761486,,
CL020,MOR01,110130869,,
CL020,MOR01,104408123,,
CL020,MOR01,109150521,,
CL020,MOR01,112179287,,
CL020,MOR01,103946288,,
CL020,MOR01,103941073,,
CL020,MOR01,100894304,,
CL020,MOR01,111502581,,
CL020,MOR01,108546355,,
CL020,MOR01,111786683,,
CL020,MOR01,110742021,,
CL020,MOR01,109282259,,
CL020,MOR01,110131731,,
CL020,MOR01,107628711,,
CL020,MOR01,102375815,,
CL020,MOR01,112195640,,
CL020,MOR01,110755869,,
CL020,MOR01,112054097,,
CL020,MOR01,112054329,,
CL020,MOR01,100414454,,
CL020,MOR01,109278680,,
CL020,MOR01,108986431,,
CL020,MOR01,106341268,,
CL020,MOR01,108550872,,
CL020,MOR01,100412168,,
CL020,MOR01,111728133,,
CL020,MOR01,100107673,,
CL020,MOR01,110731648,,
CL020,MOR01,100131171,,
CL020,MOR01,110742304,,
CL020,MOR01,110988611,,
CL020,MOR01,100366261,,
CL020,MOR01,106660816,,
CL020,MOR01,100398749,,
CL020,MOR01,110131853,,
CL020,MOR01,111708642,,
CL020,MOR01,103074774,,
CL020,MOR01,112413133,,
CL020,MOR01,110940271,,
CL020,MOR01,103941161,,
CL020,MOR01,104439077,,
CL020,MOR01,109949068,,
CL020,MOR01,112107241,,
CL020,MOR01,111763625,,
CL020,MOR01,105638908,,
CL020,MOR01,100128802,,
CL020,MOR01,108840781,,
CL020,MOR01,110755674,,
CL020,MOR01,100388823,,
CL020,MOR01,109491587,,
CL020,MOR01,106784851,,
CL020,MOR01,109949375,,
CL020,MOR01,104139357,,
CL020,MOR01,112099973,,
CL020,MOR01,111364173,,
CL020,MOR01,112185687,,
CL020,MOR01,110313948,,
CL020,MOR01,110755543,,
CL020,MOR01,112026301,,
CL020,MOR01,100417444,,
CL020,MOR01,104141123,,
CL020,MOR01,100379302,,
CL020,MOR01,100366624,,
CL020,MOR01,106846451,,
CL020,MOR01,111121930,,
CL020,MOR01,107623726,,
CL020,MOR01,110730215,,
CL020,MOR01,107628800,,
CL020,MOR01,107628771,,
CL020,MOR01,111763684,,
CL020,MOR01,110188340,,
CL020,MOR01,111413895,,
CL020,MOR01,107730388,,
CL020,MOR01,109260771,,
CL020,MOR01,100412176,,
CL020,MOR01,100131198,,
CL020,MOR01,106163174,,
CL020,MOR01,107594531,,
CL020,MOR01,104066127,,
CL020,MOR01,107475891,,
CL020,MOR01,110237412,,
CL020,MOR01,109985309,,
CL020,MOR01,109491641,,
CL020,MOR01,108810208,,
CL020,MOR01,110725969,,
CL020,MOR01,106784886,,
CL020,MOR01,107977217,,
CL020,MOR01,106784915,,
CL020,MOR01,109985421,,
CL020,MOR01,111583211,,
CL020,MOR01,110108258,,
CL020,MOR01,111706401,,
CL020,MOR01,105640039,,
CL020,MOR01,100389308,,
CL020,MOR01,106764869,,
CL020,MOR01,112618770,,
CL020,MOR01,106272426,,
CL020,MOR01,100388698,,
CL020,MOR01,104905728,,
CL020,MOR01,111992778,,
CL020,MOR01,111778261,,
CL020,MOR01,110626346,,
CL020,MOR01,108741100,,
CL020,MOR01,102377968,,
CL020,MOR01,102376738,,
CL020,MOR01,100129400,,
CL020,MOR01,112120269,,
CL020,MOR01,100884536,,
CL020,MOR01,108427840,,
CL020,MOR01,110188227,,
CL020,MOR01,107393844,,
CL020,MOR01,100395281,,
CL020,MOR01,104437944,,
CL020,MOR01,104231516,,
CL020,MOR01,104138952,,
CL020,MOR01,100414569,,
CL020,MOR01,100389615,,
CL020,MOR01,110334466,,
CL020,MOR01,102377087,,
CL020,MOR01,109560837,,
CL020,MOR01,100131147,,
CL020,MOR01,105700986,,
CL020,MOR01,111042211,,
CL020,MOR01,100402373,,
CL020,MOR01,102377108,,
CL020,MOR01,112046361,,
CL020,MOR01,105644398,,
CL020,MOR01,107479007,,
CL020,MOR01,112026184,,
CL020,MOR01,110131765,,
CL020,MOR01,106846661,,
CL020,MOR01,112120138,,
CL020,MOR01,110747033,,
CL020,MOR01,109491616,,
CL020,MOR01,100401928,,
CL020,MOR01,112012760,,
CL020,MOR01,109277193,,
CL020,MOR01,109150483,,
CL020,MOR01,111122481,,
CL020,MOR01,106660947,,
CL020,MOR01,106163262,,
CL020,MOR01,110461844,,
CL020,MOR01,111706760,,
CL020,MOR01,104231840,,
CL020,MOR01,100366632,,
CL020,MOR01,108948477,,
CL020,MOR01,107370319,,
CL020,MOR01,103274493,,
CL020,MOR01,109304884,,
CL020,MOR01,110461289,,
CL020,MOR01,103937947,,
CL020,MOR01,106658484,,
CL020,MOR01,110297474,,
CL020,MOR01,105586351,,
CL020,MOR01,100412150,,
CL020,MOR01,110269617,,
CL020,MOR01,110725678,,
CL020,MOR01,100107833,,
CL020,MOR01,100395311,,
CL020,MOR01,106846696,,
CL020,MOR01,110575542,,
CL020,MOR01,111122094,,
CL020,MOR01,112195199,,
CL020,MOR01,109769921,,
CL020,MOR01,106365569,,
CL020,MOR01,108706902,,
CL020,MOR01,110461318,,
CL020,MOR01,100412723,,
CL020,MOR01,105712813,,
CL020,MOR01,106665406,,
CL020,MOR01,110248875,,
CL020,MOR01,112618876,,
CL020,MOR01,110554936,,
CL020,MOR01,109560888,,
CL020,MOR01,100395290,,
CL020,MOR01,109957949,,
CL020,MOR01,104201579,,
CL020,MOR01,108948400,,
CL020,MOR01,105704477,,
CL020,MOR01,111515154,,
CL020,MOR01,112236886,,
CL020,MOR01,107882162,,
CL020,MOR01,110742195,,
CL020,MOR01,106902547,,
CL020,MOR01,110323038,,
CL020,MOR01,110130957,,
CL020,MOR01,110575665,,
CL020,MOR01,100412184,,
CL020,MOR01,108974000,,
CL020,MOR01,108974392,,
CL020,MOR01,100131067,,
CL020,MOR01,108288211,,
CL020,MOR01,104793447,,
CL020,MOR01,100372240,,
CL020,MOR01,103274055,,
CL020,MOR01,100417461,,
CL020,MOR01,100132377,,
CL020,MOR01,100131235,,
CL020,MOR01,111403195,,
CL020,MOR01,106900710,,
CL020,MOR01,100389720,,
CL020,MOR01,111954131,,
CL020,MOR01,104202854,,
CL020,MOR01,100417487,,
CL020,MOR01,102489759,,
CL020,MOR01,100401881,,
CL020,MOR01,100402365,,
CL020,MOR01,108519445,,
CL020,MOR01,104905699,,
CL020,MOR01,112093694,,
CL020,MOR01,108738883,,
CL020,MOR01,111786544,,
CL020,MOR01,100144984,,
CL020,MOR01,100894232,,
CL020,MOR01,100134831,,
CL020,MOR01,110723234,,
CL020,MOR01,110575420,,
CL020,MOR01,111999654,,
CL020,MOR01,106660875,,
CL020,MOR01,110461078,,
CL020,MOR01,100129397,,
CL020,MOR01,100379071,,
CL020,MOR01,111462435,,
CL020,MOR01,111182011,,
CL020,MOR01,109277898,,
CL020,MOR01,112236181,,
CL020,MOR01,111786309,,
CL020,MOR01,110733248,,
CL020,MOR01,109948840,,
CL020,MOR01,110575606,,
CL020,MOR01,109949033,,
CL020,MOR01,109276991,,
CL020,MOR01,102375532,,
CL020,MOR01,108376878,,
CL020,MOR01,112107152,,
CL020,MOR01,100389674,,
CL020,MOR01,106658417,,
CL020,MOR01,111706567,,
CL020,MOR01,110767173,,
CL020,MOR01,104456141,,
CL020,MOR01,110725889,,
CL020,MOR01,100388719,,
CL020,MOR01,112071436,,
CL020,MOR01,111452579,,
CL020,MOR01,100388743,,
CL020,MOR01,100400941,,
CL020,MOR01,108723411,,
CL020,MOR01,110733344,,
CL020,MOR01,110700948,,
CL020,MOR01,100145856,,
CL020,MOR01,110760721,,
CL020,MOR01,100894339,,
CL020,MOR01,111452544,,
CL020,MOR01,110936424,,
CL020,MOR01,100401936,,
CL020,MOR01,110473802,,
CL020,MOR01,108986377,,
CL020,MOR01,112037502,,
CL020,MOR01,109150766,,
CL020,MOR01,103941102,,
CL020,MOR01,112037431,,
CL020,MOR01,110840481,,
CL020,MOR01,106666417,,
CL020,MOR01,110728828,,
CL020,MOR01,111763650,,
CL020,MOR01,109948786,,
CL020,MOR01,110463583,,
CL020,MOR01,110726081,,
CL020,MOR01,109407058,,
CL020,MOR01,110463663,,
CL020,MOR01,111583270,,
CL020,MOR01,101798963,,
CL020,MOR01,111452608,,
CL020,MOR01,112236018,,
CL020,MOR01,109150723,,
CL020,MOR01,104439202,,
CL020,MOR01,112054290,,
CL020,MOR01,105639978,,
CL020,MOR01,100398757,,
CL020,MOR01,110211790,,
CL020,MOR01,110940191,,
CL020,MOR01,104770296,,
CL020,MOR01,100417410,,
CL020,MOR01,108998896,,
CL020,MOR01,104417855,,
CL020,MOR01,104214599,,
CL020,MOR01,106436380,,
CL020,MOR01,102378080,,
CL020,MOR01,100132414,,
CL020,MOR01,111085650,,
CL020,MOR01,109260720,,
CL020,MOR01,109278330,,
CL020,MOR01,109035821,,
CL020,MOR01,100397279,,
CL020,MOR01,112054353,,
CL020,MOR01,100417153,,
CL020,MOR01,100128837,,
CL020,MOR01,110131888,,
CL020,MOR01,104486834,,
CL020,MOR01,110744924,,
CL020,MOR01,111090070,,
CL020,MOR01,100128853,,
CL020,MOR01,108706996,,
CL020,MOR01,110463348,,
CL020,MOR01,103274098,,
CL020,MOR01,112449654,,
CL020,MOR01,110188198,,
CL020,MOR01,108810232,,
CL020,MOR01,110461342,,
CL020,MOR01,112534664,,
CL020,MOR01,109075209,,
CL020,MOR01,110002189,,
CL020,MOR01,109612625,,
CL020,MOR01,112505775,,
CL020,MOR01,100395273,,
CL020,MOR01,112037561,,
CL020,MOR01,100102063,,
CL020,MOR01,110463065,,
CL020,MOR01,100388962,,
CL020,MOR01,100128773,,
CL020,MOR01,111452510,,
CL020,MOR01,110470855,,
CL020,MOR01,107623961,,
CL020,MOR01,107968759,,
CL020,MOR01,111954456,,
CL020,MOR01,109282371,,
CL020,MOR01,112099279,,
CL020,MOR01,109098806,,
CL020,MOR01,100097612,,
CL020,MOR01,100414606,,
CL020,MOR01,105626122,,
CL020,MOR01,109282401,,
CL020,MOR01,112099332,,
CL020,MOR01,108810304,,
CL020,MOR01,111452667,,
CL020,MOR01,100145961,,
CL020,MOR01,100401961,,
CL020,MOR01,110795713,,
CL020,MOR01,104072480,,
CL020,MOR01,100131139,,
CL020,MOR01,110755922,,
CL020,MOR01,105809121,,
CL020,MOR01,107968169,,
CL020,MOR01,100398861,,
CL020,MOR01,112024630,,
CL020,MOR01,100388701,,
CL020,MOR01,109407138,,
CL020,MOR01,108376915,,
CL020,MOR01,109923255,,
CL020,MOR01,109769892,,
CL020,MOR01,109958167,,
CL020,MOR01,102471997,,
CL020,MOR01,101798859,,
CL020,MOR01,108834453,,
CL020,MOR01,109769956,,
CL020,MOR01,109407091,,
CL020,MOR01,102375663,,
CL020,MOR01,110755834,,
CL020,MOR01,101798824,,
CL020,MOR01,100144992,,
CL020,MOR01,108809821,,
CL020,MOR01,110744684,,
CL020,MOR01,107623849,,
CL020,MOR01,109958108,,
CL020,MOR01,100131155,,
CL020,MOR01,112505564,,
CL020,MOR01,108728693,,
CL020,MOR01,112120365,,
CL020,MOR01,100395302,,
CL020,MOR01,104985051,,
CL020,MOR01,100415588,,
CL020,MOR01,112236131,,
CL020,MOR01,100400984,,
CL020,MOR01,108427815,,
CL020,MOR01,110575489,,
CL020,MOR01,111085490,,
CL020,MOR01,100379409,,
CL020,MOR01,100395265,,
CL020,MOR01,109277054,,
CL020,MOR01,110755711,,
CL020,MOR01,102468034,,
CL020,MOR01,111122406,,
CL020,MOR01,110461377,,
CL020,MOR01,106357577,,
CL020,MOR01,110726021,,
CL020,MOR01,106365657,,
CL020,MOR01,104184431,,
CL020,MOR01,100894208,,
CL020,MOR01,112037481,,
CL020,MOR01,112413264,,
CL020,MOR01,109561725,,
CL020,MOR01,100395812,,
CL020,MOR01,110988558,,
CL020,MOR01,109321730,,
CL020,MOR01,110755800,,
CL020,MOR01,104190849,,
CL020,MOR01,106272506,,
CL020,MOR01,100402242,,
CL020,MOR01,106365500,,
CL020,MOR01,111765170,,
CL020,MOR01,112505468,,
CL020,MOR01,109150563,,
CL020,MOR01,110766859,,
CL020,MOR01,104436861,,
CL020,MOR01,100131227,,
CL020,MOR01,101806206,,
CL020,MOR01,105096811,,
CL020,MOR01,108738947,,
CL020,MOR01,103939977,,
CL020,MOR01,104416609,,
CL020,MOR01,110944571,,
CL020,MOR01,111786368,,
CL020,MOR01,104770261,,
CL020,MOR01,106515555,,
CL020,MOR01,104404851,,
CL020,MOR01,102375276,,
CL020,MOR01,110756044,,
CL020,MOR01,111049501,,
CL020,MOR01,110237498,,
CL020,MOR01,110728932,,
CL020,MOR01,103941196,,
CL020,MOR01,112037596,,
CL020,MOR01,108620893,,
CL020,MOR01,100412141,,
CL020,MOR01,104189354,,
CL020,MOR01,103937971,,
CL020,MOR01,111583245,,
CL020,MOR01,104438091,,
CL020,MOR01,100102362,,
CL020,MOR01,111584117,,
CL020,MOR01,110461019,,
CL020,MOR01,109098857,,
CL020,MOR01,111786608,,
CL020,MOR01,112186671,,
CL020,MOR01,100403229,,
CL020,MOR01,108998845,,
CL020,MOR01,110730514,,
CL020,MOR01,110944678,,
CL020,MOR01,110756010,,
CL020,MOR01,110701545,,
CL020,MOR01,109278014,,
CL020,MOR01,105644347,,
CL020,MOR01,104151209,,
CL020,MOR01,110043010,,
CL020,MOR01,100401910,,
CL020,MOR01,110733141,,
CL020,MOR01,100131201,,
CL020,MOR01,110285844,,
CL020,MOR01,112618841,,
CL020,MOR01,110460577,,
CL020,MOR01,112037529,,
CL020,MOR01,110461254,,
CL020,MOR01,100417479,,
CL020,MOR01,106858161,,
CL020,MOR01,102375559,,
CL020,MOR01,110237535,,
CL020,MOR01,110833863,,
CL020,MOR01,112565524,,
CL020,MOR01,100417495,,
CL020,MOR01,102375188,,
CL020,MOR01,110626223,,
CL020,MOR01,100135535,,
CL020,MOR01,107968089,,
CL020,MOR01,106657326,,
CL020,MOR01,105705402,,
CL020,MOR01,103235937,,
CL020,MOR01,111596151,,
CL020,MOR01,108948573,,
CL020,MOR01,111083603,,
CL020,MOR01,111649072,,
CL020,MOR01,112619342,,
CL020,MOR01,108738912,,
CL020,MOR01,112089169,,
CL020,MOR01,112513636,,
CL020,MOR01,100102119,,
CL020,MOR01,110626442,,
CL020,MOR01,100390211,,
CL020,MOR01,110744895,,
CL020,MOR01,112165029,,
CL020,MOR01,110733416,,
CL020,MOR01,112120445,,
CL020,MOR01,100417452,,
CL020,MOR01,109713240,,
CL020,MOR01,103939942,,
CL020,MOR01,110744713,,
CL020,MOR01,100389746,,
CL020,MOR01,112235963,,
CL020,MOR01,111583181,,
CL020,MOR01,100390739,,
CL020,MOR01,112068253,,
CL020,MOR01,104438066,,
CL020,MOR01,100401864,,
CL020,MOR01,102375250,,
CL020,MOR01,112075031,,
CL020,MOR01,109017033,,
CL020,MOR01,110463516,,
CL020,MOR01,104191690,,
CL020,MOR01,108972258,,
CL020,MOR01,110575631,,
CL020,MOR01,100391256,,
CL020,MOR01,111708722,,
CL020,MOR01,100400811,,
CL020,MOR01,107968425,,
CL020,MOR01,111765209,,
CL020,MOR01,108402562,,
CL020,MOR01,111023387,,
CL020,MOR01,109282435,,
CL020,MOR01,100097604,,
CL020,MOR01,109277791,,
CL020,MOR01,110575577,,
CL020,MOR01,109923212,,
CL020,MOR01,100412088,,
CL020,MOR01,111583309,,
CL020,MOR01,100402357,,
CL020,MOR01,104437979,,
CL020,MOR01,106524697,,
CL020,MOR01,100417428,,
CL020,MOR01,109027400,,
CL020,MOR01,110461107,,
CL020,MOR01,111547658,,
CL020,MOR01,106475531,,
CL020,MOR01,102377319,,
CL020,MOR01,109658261,,
CL020,MOR01,109948971,,
CL020,MOR01,100412096,,
CL020,MOR01,112505265,,
CL020,MOR01,107628746,,
CL020,MOR01,100403245,,
CL020,MOR01,100414497,,
CL020,MOR01,100145848,,
CL020,MOR01,109098937,,
CL020,MOR01,110755746,,
CL020,MOR01,110131829,,
CL020,MOR01,100416062,,
CL020,MOR01,100379396,,
CL020,MOR01,109854595,,
CL020,MOR01,111809793,,
CL020,MOR01,109150643,,
CL020,MOR01,112102378,,
CL020,MOR01,100107972,,
CL020,MOR01,110741301,,
CL020,MOR01,100412133,,
CL020,MOR01,112393283,,
CL020,MOR01,112054185,,
CL020,MOR01,107783615,,
CL020,MOR01,100145645,,
CL020,MOR01,100415609,,
CL020,MOR01,108832087,,
CL020,MOR01,100379337,,
CL020,MOR01,109560941,,
CL020,MOR01,102375524,,
CL020,MOR01,100412230,,
CL020,MOR01,102378338,,
CL020,MOR01,110701684,,
CL020,MOR01,100398765,,
CL020,MOR01,103938000,,
CL020,MOR01,110833716,,
CL020,MOR01,100417399,,
CL020,MOR01,100417233,,
CL020,MOR01,111786481,,
CL020,MOR01,110461191,,
CL020,MOR01,110936272,,
CL020,MOR01,112037457,,
CL020,MOR01,109920353,,
CL020,MOR01,112102407,,
CL020,MOR01,100379361,,
CL020,MOR01,105212528,,
CL020,MOR01,110268016,,
CL020,MOR01,107628869,,
CL020,MOR01,111547586,,
CL020,MOR01,110725791,,
CL020,MOR01,109658164,,
CL020,MOR01,106521058,,
CL020,MOR01,111583122,,
CL020,MOR01,100412213,,
CL020,MOR01,112565612,,
CL020,MOR01,100414753,,
CL020,MOR01,112024701,,
CL020,MOR01,112505628,,
CL020,MOR01,100132385,,
CL020,MOR01,109334354,,
CL020,MOR01,108973947,,
CL020,MOR01,110723200,,
CL020,MOR01,110733483,,
CL020,MOR01,111447702,,
CL020,MOR01,112619393,,
CL020,MOR01,100398693,,
CL020,MOR01,112088692,,
CL020,MOR01,102373465,,
CL020,MOR01,102375639,,
CL020,MOR01,106163238,,
CL020,MOR01,110305171,,
CL020,MOR01,109658228,,
CL020,MOR01,104782975,,
CL020,MOR01,111718306,,
CL020,MOR01,104021658,,
CL020,MOR01,106984669,,
CL020,MOR01,111277336,,
CL020,MOR01,110131790,,
CL020,MOR01,111480334,,
CL020,MOR01,100102371,,
CL020,MOR01,108723438,,
CL020,MOR01,100128870,,
CL020,MOR01,102376463,,
CL020,MOR01,100131163,,
CL020,MOR01,100401952,,
CL020,MOR01,100414462,,
CL020,MOR01,111763553,,
CL020,MOR01,111083347,,
CL020,MOR01,112054142,,
CL020,MOR01,112195367,,
CL020,MOR01,106272573,,
CL020,MOR01,111023328,,
CL020,MOR01,110833775,,
CL020,MOR01,110554979,,
CL020,MOR01,109831924,,
CL020,MOR01,111502556,,
CL020,MOR01,110725547,,
CL020,MOR01,106660787,,
CL020,MOR01,101793791,,
CL020,MOR01,105638641,,
CL020,MOR01,109405079,,
CL020,MOR01,110767000,,
CL020,MOR01,106660904,,
CL020,MOR01,100132465,,
CL020,MOR01,104191737,,
CL020,MOR01,112164894,,
CL020,MOR01,110988689,,
CL020,MOR01,109678448,,
CL020,MOR01,104770384,,
CL026,MOR01,111662550,,
CL026,MOR01,112430515,,
CL026,MOR01,109442048,,
CL026,MOR01,112388206,,
CL026,MOR01,109153764,,
CL026,MOR01,109442478,,
CL026,MOR01,110745062,,
CL026,MOR01,104498958,,
CL026,MOR01,110868661,,
CL026,MOR01,109439164,,
CL026,MOR01,110040839,,
CL026,MOR01,100562908,,
CL026,MOR01,106398791,,
CL026,MOR01,107445528,,
CL026,MOR01,109454022,,
CL026,MOR01,111687239,,
CL026,MOR01,111271330,,
CL026,MOR01,108846850,,
CL026,MOR01,109153887,,
CL026,MOR01,110040863,,
CL026,MOR01,109441993,,
CL026,MOR01,104497533,,
CL026,MOR01,111635367,,
CL026,MOR01,110955924,,
CL026,MOR01,111049448,,
CL026,MOR01,109762130,,
CL026,MOR01,100117231,,
CL026,MOR01,100181195,,
CL026,MOR01,110955959,,
CL026,MOR01,112039911,,
CL026,MOR01,109153810,,
CL026,MOR01,112074830,,
CL026,MOR01,100181267,,
CL026,MOR01,111271444,,
CL026,MOR01,111981366,,
CL026,MOR01,110040951,,
CL026,MOR01,112430574,,
CL026,MOR01,112464854,,
CL026,MOR01,108723606,,
CL026,MOR01,110955983,,
CL026,MOR01,109439252,,
CL026,MOR01,111059048,,
CL026,MOR01,112060104,,
CL026,MOR01,112387781,,
CL026,MOR01,110656756,,
CL026,MOR01,112388311,,
CL026,MOR01,111635148,,
CL026,MOR01,111271399,,
CL026,MOR01,110950066,,
CL026,MOR01,109454065,,
CL026,MOR01,110656650,,
CL026,MOR01,111981315,,
CL026,MOR01,112385291,,
CL026,MOR01,111049384,,
CL026,MOR01,111049472,,
CL026,MOR01,100181259,,
CL026,MOR01,112430460,,
CL026,MOR01,111049413,,
CL026,MOR01,111981201,,
CL026,MOR01,110188438,,
CL026,MOR01,110943376,,
CL026,MOR01,109439359,,
CL026,MOR01,111271250,,
CL026,MOR01,111049350,,
CL026,MOR01,112387959,,
CL026,MOR01,111992815,,
CL026,MOR01,112430988,,
CL026,MOR01,105118890,,
CL026,MOR01,112060180,,
CL026,MOR01,111311987,,
CL026,MOR01,100181275,,
CL026,MOR01,112464942,,
CL026,MOR01,109541492,,
CL026,MOR01,109211725,,
CL026,MOR01,111635244,,
CL026,MOR01,109439295,,
CL026,MOR01,109152420,,
CL026,MOR01,111662390,,
CL028,MOR01,101549941,,
CL028,MOR01,111060954,,
CL028,MOR01,111788224,,
CL028,MOR01,108143142,,
CL028,MOR01,111273386,,
CL028,MOR01,109823238,,
CL028,MOR01,105687814,,
CL028,MOR01,101536947,,
CL028,MOR01,101546547,,
CL028,MOR01,108144276,,
CL028,MOR01,101567241,,
CL028,MOR01,108925072,,
CL028,MOR01,110274408,,
CL028,MOR01,109905129,,
CL028,MOR01,111095090,,
CL028,MOR01,111903940,,
CL028,MOR01,101554011,,
CL028,MOR01,111740327,,
CL028,MOR01,107578953,,
CL028,MOR01,105383415,,
CL028,MOR01,101536381,,
CL028,MOR01,111740378,,
CL028,MOR01,101563179,,
CL028,MOR01,111037236,,
CL028,MOR01,108144209,,
CL028,MOR01,112077029,,
CL028,MOR01,105383618,,
CL028,MOR01,108128145,,
CL028,MOR01,108935852,,
CL028,MOR01,109822964,,
CL028,MOR01,110190175,,
CL028,MOR01,111041964,,
CL028,MOR01,111037113,,
CL028,MOR01,109962553,,
CL028,MOR01,101555398,,
CL028,MOR01,109653785,,
CL028,MOR01,110532841,,
CL028,MOR01,109001453,,
CL028,MOR01,111846287,,
CL028,MOR01,108371604,,
CL028,MOR01,109851554,,
CL028,MOR01,111039215,,
CL028,MOR01,111870746,,
CL028,MOR01,108925152,,
CL028,MOR01,104557516,,
CL028,MOR01,101562037,,
CL028,MOR01,109823051,,
CL028,MOR01,101583541,,
CL028,MOR01,110465933,,
CL028,MOR01,108136567,,
CL028,MOR01,111739801,,
CL028,MOR01,108277247,,
CL028,MOR01,112391018,,
CL028,MOR01,101532778,,
CL028,MOR01,101563865,,
CL028,MOR01,101561819,,
CL028,MOR01,105689916,,
CL028,MOR01,102891810,,
CL028,MOR01,111988285,,
CL028,MOR01,101535021,,
CL028,MOR01,112415876,,
CL028,MOR01,101583591,,
CL028,MOR01,111759212,,
CL028,MOR01,109001496,,
CL028,MOR01,104689261,,
CL028,MOR01,111039231,,
CL028,MOR01,110635015,,
CL028,MOR01,112386315,,
CL028,MOR01,101556622,,
CL028,MOR01,111039258,,
CL028,MOR01,112415817,,
CL028,MOR01,108371444,,
CL028,MOR01,111846367,,
CL028,MOR01,107063909,,
CL028,MOR01,101791606,,
CL028,MOR01,101547890,,
CL028,MOR01,101528437,,
CL028,MOR01,111037172,,
CL028,MOR01,108136663,,
CL028,MOR01,109920003,,
CL028,MOR01,110863237,,
CL028,MOR01,110777806,,
CL028,MOR01,101525682,,
CL028,MOR01,108986166,,
CL028,MOR01,106320820,,
CL028,MOR01,101551717,,
CL028,MOR01,108929372,,
CL028,MOR01,108371663,,
CL028,MOR01,111919212,,
CL028,MOR01,102319266,,
CL028,MOR01,112415841,,
CL028,MOR01,111039274,,
CL028,MOR01,108371583,,
CL028,MOR01,112755871,,
CL028,MOR01,110821344,,
CL028,MOR01,109905188,,
CL028,MOR01,111740001,,
CL028,MOR01,109823086,,
CL028,MOR01,109833153,,
CL028,MOR01,108223548,,
CL028,MOR01,111740271,,
CL028,MOR01,111870578,,
CL028,MOR01,104738413,,
CL028,MOR01,101564745,,
CL028,MOR01,112391093,,
CL028,MOR01,109407841,,
CL028,MOR01,111037130,,
CL028,MOR01,110470222,,
CL028,MOR01,104738384,,
CL028,MOR01,109001381,,
CL028,MOR01,108144225,,
CL028,MOR01,112415964,,
CL028,MOR01,101791956,,
CL028,MOR01,112415905,,
CL028,MOR01,107337121,,
CL028,MOR01,107615822,,
CL028,MOR01,111312218,,
CL028,MOR01,112386340,,
CL028,MOR01,111048736,,
CL028,MOR01,101562766,,
CL028,MOR01,112639343,,
CL028,MOR01,111770649,,
CL028,MOR01,101559461,,
CL028,MOR01,101552234,,
CL028,MOR01,109823297,,
CL028,MOR01,105369074,,
CL028,MOR01,109833006,,
CL028,MOR01,112579643,,
CL028,MOR01,112386374,,
CL028,MOR01,101577554,,
CL028,MOR01,110804915,,
CL028,MOR01,111037201,,
CL028,MOR01,102465423,,
CL028,MOR01,101576931,,
CL028,MOR01,110642194,,
CL028,MOR01,110477598,,
CL028,MOR01,110470273,,
CL028,MOR01,108925005,,
CL028,MOR01,101791972,,
CL028,MOR01,105383335,,
CL028,MOR01,109939898,,
CL028,MOR01,110470193,,
CL028,MOR01,107578849,,
CL028,MOR01,105383474,,
CL028,MOR01,110494144,,
CL028,MOR01,108094205,,
CL028,MOR01,108371639,,
CL028,MOR01,101557730,,
CL028,MOR01,111162715,,
CL028,MOR01,107674224,,
CL028,MOR01,112415930,,
CL028,MOR01,107287718,,
CL028,MOR01,101578063,,
CL028,MOR01,101574548,,
CL028,MOR01,108136516,,
CL028,MOR01,107439961,,
CL028,MOR01,110499762,,
CL028,MOR01,112532909,,
CL028,MOR01,108371532,,
CL028,MOR01,104574076,,
CL028,MOR01,101570299,,
CL028,MOR01,110466186,,
CL028,MOR01,108505941,,
CL029,MOR01,105491774,,
CL029,MOR01,104418057,,
CL029,MOR01,109437812,,
CL029,MOR01,110179275,,
CL029,MOR01,104792971,,
CL029,MOR01,106500783,,
CL029,MOR01,100366157,,
CL029,MOR01,100375301,,
CL029,MOR01,100099597,,
CL029,MOR01,110204215,,
CL029,MOR01,110494101,,
CL029,MOR01,107911761,,
CL029,MOR01,104948867,,
CL029,MOR01,100366481,,
CL029,MOR01,100368751,,
CL029,MOR01,110478970,,
CL029,MOR01,104834851,,
CL029,MOR01,110203600,,
CL029,MOR01,108458013,,
CL029,MOR01,107482839,,
CL029,MOR01,105258681,,
CL029,MOR01,107482767,,
CL029,MOR01,109437978,,
CL029,MOR01,105170807,,
CL029,MOR01,112134741,,
CL029,MOR01,100101520,,
CL029,MOR01,104792882,,
CL029,MOR01,100366034,,
CL029,MOR01,106437551,,
CL029,MOR01,100367723,,
CL029,MOR01,110285908,,
CL029,MOR01,100365998,,
CL029,MOR01,104742738,,
CL029,MOR01,108491577,,
CL029,MOR01,109902260,,
CL029,MOR01,110494072,,
CL029,MOR01,108426847,,
CL029,MOR01,105151892,,
CL029,MOR01,104418250,,
CL029,MOR01,105519634,,
CL029,MOR01,100397631,,
CL029,MOR01,111987776,,
CL029,MOR01,105173442,,
CL029,MOR01,107700576,,
CL029,MOR01,100370762,,
CL029,MOR01,110557192,,
CL029,MOR01,112156641,,
CL029,MOR01,105821147,,
CL029,MOR01,105168264,,
CL029,MOR01,105493956,,
CL029,MOR01,105821171,,
CL029,MOR01,105359790,,
CL029,MOR01,100101976,,
CL029,MOR01,104792840,,
CL029,MOR01,111485101,,
CL029,MOR01,100144491,,
CL029,MOR01,100373058,,
CL029,MOR01,107474214,,
CL029,MOR01,100365947,,
CL029,MOR01,105397892,,
CL029,MOR01,104585285,,
CL029,MOR01,106003322,,
CL029,MOR01,104202141,,
CL029,MOR01,107512049,,
CL029,MOR01,108608940,,
CL029,MOR01,105168408,,
CL029,MOR01,107134105,,
CL029,MOR01,104238101,,
CL029,MOR01,105733411,,
CL029,MOR01,108609141,,
CL029,MOR01,108500429,,
CL029,MOR01,100397957,,
CL029,MOR01,104418090,,
CL029,MOR01,110553474,,
CL029,MOR01,105259887,,
CL029,MOR01,105992608,,
CL029,MOR01,104200912,,
CL029,MOR01,110000837,,
CL029,MOR01,105493981,,
CL029,MOR01,100398247,,
CL029,MOR01,100375862,,
CL029,MOR01,104783100,,
CL029,MOR01,108120688,,
CL029,MOR01,104793121,,
CL029,MOR01,104175542,,
CL029,MOR01,110499050,,
CL029,MOR01,106002371,,
CL029,MOR01,110288607,,
CL029,MOR01,109920716,,
CL029,MOR01,104759222,,
CL029,MOR01,100367424,,
CL029,MOR01,100369104,,
CL029,MOR01,103104339,,
CL029,MOR01,108515111,,
CL029,MOR01,100367096,,
CL029,MOR01,110780600,,
CL029,MOR01,104982088,,
CL029,MOR01,105170840,,
CL029,MOR01,105993061,,
CL029,MOR01,110553440,,
CL029,MOR01,111457978,,
CL029,MOR01,105168117,,
CL029,MOR01,105618528,,
CL029,MOR01,104048404,,
CL029,MOR01,103108348,,
CL029,MOR01,100368363,,
CL029,MOR01,100409743,,
CL029,MOR01,106458714,,
CL029,MOR01,100150524,,
CL029,MOR01,104792911,,
CL029,MOR01,100373040,,
CL029,MOR01,107458783,,
CL029,MOR01,111370160,,
CL029,MOR01,107197472,,
CL029,MOR01,112791863,,
CL029,MOR01,109411559,,
CL029,MOR01,108654786,,
CL029,MOR01,104759450,,
CL029,MOR01,112529777,,
CL029,MOR01,105167851,,
CL029,MOR01,104764646,,
CL029,MOR01,112134821,,
CL029,MOR01,104948891,,
CL029,MOR01,102875414,,
CL029,MOR01,104894352,,
CL029,MOR01,109700852,,
CL029,MOR01,105128078,,
CL029,MOR01,104632555,,
CL029,MOR01,108609088,,
CL029,MOR01,110826858,,
CL029,MOR01,100366755,,
CL029,MOR01,104202096,,
CL029,MOR01,112044219,,
CL029,MOR01,104200648,,
CL029,MOR01,105171041,,
CL029,MOR01,104759425,,
CL029,MOR01,100367070,,
CL029,MOR01,110772167,,
CL029,MOR01,107911795,,
CL029,MOR01,112742164,,
CL029,MOR01,105703773,,
CL029,MOR01,105397868,,
CL029,MOR01,106602413,,
CL029,MOR01,104199245,,
CL029,MOR01,111181887,,
CL029,MOR01,104409450,,
CL029,MOR01,100412598,,
CL029,MOR01,105133926,,
CL029,MOR01,109203215,,
CL029,MOR01,108420859,,
CL029,MOR01,104423905,,
CL029,MOR01,105397593,,
CL029,MOR01,104423761,,
CL029,MOR01,106115068,,
CL029,MOR01,105714851,,
CL029,MOR01,110805029,,
CL029,MOR01,105618587,,
CL029,MOR01,108500189,,
CL029,MOR01,106003373,,
CL029,MOR01,105526201,,
CL029,MOR01,108545192,,
CL029,MOR01,106263626,,
CL029,MOR01,100368929,,
CL029,MOR01,100375601,,
CL029,MOR01,105273929,,
CL029,MOR01,105724742,,
CL029,MOR01,104759513,,
CL029,MOR01,112743562,,
CL029,MOR01,111835730,,
CL029,MOR01,108442812,,
CL029,MOR01,109552036,,
CL029,MOR01,100366763,,
CL029,MOR01,108511911,,
CL029,MOR01,110826911,,
CL029,MOR01,104199368,,
CL029,MOR01,107458716,,
CL029,MOR01,109307372,,
CL029,MOR01,100398458,,
CL029,MOR01,110913960,,
CL029,MOR01,111487448,,
CL029,MOR01,106389149,,
CL029,MOR01,110836394,,
CL029,MOR01,110772271,,
CL029,MOR01,104417927,,
CL029,MOR01,100157751,,
CL029,MOR01,111835764,,
CL029,MOR01,100370789,,
CL029,MOR01,105523019,,
CL029,MOR01,109996147,,
CL029,MOR01,108292594,,
CL029,MOR01,100368742,,
CL029,MOR01,111487384,,
CL029,MOR01,100371351,,
CL029,MOR01,105168969,,
CL029,MOR01,108491657,,
CL029,MOR01,112529831,,
CL029,MOR01,110197393,,
CL029,MOR01,111835799,,
CL029,MOR01,105408889,,
CL029,MOR01,100366018,,
CL029,MOR01,108494962,,
CL029,MOR01,111569937,,
CL029,MOR01,110263872,,
CL029,MOR01,106458685,,
CL029,MOR01,100392195,,
CL029,MOR01,107778621,,
CL029,MOR01,112681373,,
CL029,MOR01,100397594,,
CL029,MOR01,109390639,,
CL029,MOR01,108513676,,
CL029,MOR01,109070862,,
CL029,MOR01,111485135,,
CL029,MOR01,109437919,,
CL029,MOR01,106084521,,
CL029,MOR01,104385574,,
CL029,MOR01,108500314,,
CL029,MOR01,104954693,,
CL029,MOR01,100367580,,
CL029,MOR01,112742210,,
CL029,MOR01,100365971,,
CL029,MOR01,108528528,,
CL029,MOR01,105799429,,
CL029,MOR01,105494019,,
CL029,MOR01,104480150,,
CL029,MOR01,109902307,,
CL029,MOR01,104898038,,
CL029,MOR01,105812283,,
CL029,MOR01,111039629,,
CL029,MOR01,108500509,,
CL029,MOR01,111569988,,
CL029,MOR01,107020204,,
CL029,MOR01,105520782,,
CL029,MOR01,100366835,,
CL029,MOR01,110446468,,
CL029,MOR01,100366270,,
CL029,MOR01,111960039,,
CL029,MOR01,108978676,,
CL029,MOR01,104793068,,
CL029,MOR01,111039434,,
CL029,MOR01,105492363,,
CL029,MOR01,104209773,,
CL029,MOR01,108442783,,
CL029,MOR01,105520838,,
CL029,MOR01,110771893,,
CL029,MOR01,100370771,,
CL029,MOR01,109070838,,
CL029,MOR01,110772079,,
CL029,MOR01,100392187,,
CL029,MOR01,109552079,,
CL029,MOR01,110288501,,
CL029,MOR01,108080284,,
CL029,MOR01,112593411,,
CL029,MOR01,100375643,,
CL029,MOR01,100100455,,
CL029,MOR01,109449282,,
CL029,MOR01,105866265,,
CL029,MOR01,105415472,,
CL029,MOR01,100412627,,
CL029,MOR01,109902024,,
CL029,MOR01,100367117,,
CL029,MOR01,105522868,,
CL029,MOR01,109751473,,
CL029,MOR01,100369358,,
CL029,MOR01,111487528,,
CL029,MOR01,110850583,,
CL029,MOR01,104788779,,
CL029,MOR01,107163424,,
CL029,MOR01,110403783,,
CL029,MOR01,112867012,,
CL029,MOR01,110787481,,
CL029,MOR01,109595280,,
CL029,MOR01,105492689,,
CL029,MOR01,105722763,,
CL029,MOR01,105173160,,
CL029,MOR01,100366747,,
CL029,MOR01,100367029,,
CL029,MOR01,104238161,,
CL029,MOR01,100375660,,
CL029,MOR01,110805125,,
CL029,MOR01,112447704,,
CL029,MOR01,110553503,,
CL029,MOR01,112117289,,
CL029,MOR01,100369067,,
CL029,MOR01,105169275,,
CL029,MOR01,100393391,,
CL029,MOR01,110446388,,
CL029,MOR01,105397711,,
CL029,MOR01,106356831,,
CL029,MOR01,111039670,,
CL029,MOR01,110261931,,
CL029,MOR01,100374069,,
CL029,MOR01,105258825,,
CL029,MOR01,111369871,,
CL029,MOR01,100371159,,
CL029,MOR01,104788808,,
CL029,MOR01,108608886,,
CL029,MOR01,110787561,,
CL029,MOR01,109019531,,
CL029,MOR01,105173039,,
CL029,MOR01,108085245,,
CL029,MOR01,108488394,,
CL029,MOR01,105516661,,
CL029,MOR01,112743765,,
CL029,MOR01,105866231,,
CL029,MOR01,105173004,,
CL029,MOR01,104314207,,
CL029,MOR01,100099600,,
CL029,MOR01,106226155,,
CL029,MOR01,100157654,,
CL029,MOR01,105820970,,
CL029,MOR01,109951184,,
CL029,MOR01,105519693,,
CL029,MOR01,105409671,,
CL029,MOR01,104783134,,
CL029,MOR01,109380941,,
CL029,MOR01,111490583,,
CL029,MOR01,100375854,,
CL029,MOR01,100101941,,
CL029,MOR01,105407085,,
CL029,MOR01,107697944,,
CL029,MOR01,110261906,,
CL029,MOR01,104788648,,
CL029,MOR01,100375846,,
CL029,MOR01,106458634,,
CL029,MOR01,100398239,,
CL029,MOR01,105125459,,
CL029,MOR01,105993096,,
CL029,MOR01,104418305,,
CL029,MOR01,104761859,,
CL029,MOR01,105151201,,
CL029,MOR01,110353966,,
CL029,MOR01,105492291,,
CL029,MOR01,105169540,,
CL029,MOR01,111370039,,
CL029,MOR01,100366501,,
CL029,MOR01,109700828,,
CL029,MOR01,105258796,,
CL029,MOR01,111987688,,
CL029,MOR01,112529806,,
CL029,MOR01,105595872,,
CL029,MOR01,105493041,,
CL029,MOR01,111835705,,
CL029,MOR01,100101431,,
CL029,MOR01,104759396,,
CL029,MOR01,104474690,,
CL029,MOR01,107458759,,
CL029,MOR01,110197465,,
CL029,MOR01,111487190,,
CL029,MOR01,104465814,,
CL029,MOR01,110914090,,
CL029,MOR01,109411612,,
CL029,MOR01,111569873,,
CL029,MOR01,111618284,,
CL029,MOR01,104955047,,
CL029,MOR01,109893990,,
CL029,MOR01,106458538,,
CL029,MOR01,105169355,,
CL029,MOR01,100163317,,
CL029,MOR01,105168678,,
CL029,MOR01,111501334,,
CL029,MOR01,100100421,,
CL029,MOR01,105157805,,
CL029,MOR01,111485258,,
CL029,MOR01,107270756,,
CL029,MOR01,112044315,,
CL029,MOR01,100369711,,
CL029,MOR01,100398503,,
CL029,MOR01,100397551,,
CL029,MOR01,104204956,,
CL029,MOR01,100370797,,
CL029,MOR01,104200963,,
CL029,MOR01,105702631,,
CL029,MOR01,105522964,,
CL029,MOR01,100101811,,
CL029,MOR01,105168791,,
CL029,MOR01,100409727,,
CL029,MOR01,100369091,,
CL029,MOR01,104235200,,
CL029,MOR01,104894820,,
CL029,MOR01,111987590,,
CL029,MOR01,105157776,,
CL029,MOR01,106437585,,
CL029,MOR01,104955338,,
CL029,MOR01,106247802,,
CL029,MOR01,100393729,,
CL029,MOR01,105665341,,
CL029,MOR01,105170735,,
CL029,MOR01,100375299,,
CL029,MOR01,105169195,,
CL029,MOR01,105440598,,
CL029,MOR01,109866035,,
CL029,MOR01,106084759,,
CL029,MOR01,105833261,,
CL029,MOR01,100369770,,
CL029,MOR01,107474185,,
CL029,MOR01,110203802,,
CL029,MOR01,100369041,,
CL029,MOR01,110830911,,
CL029,MOR01,108080233,,
CL029,MOR01,109893965,,
CL029,MOR01,111962430,,
CL029,MOR01,105401177,,
CL029,MOR01,110203685,,
CL029,MOR01,100369737,,
CL029,MOR01,105491299,,
CL029,MOR01,108510969,,
CL029,MOR01,106494740,,
CL029,MOR01,111487499,,
CL029,MOR01,100368890,,
CL029,MOR01,110931463,,
CL029,MOR01,100367061,,
CL029,MOR01,105151788,,
CL029,MOR01,112105270,,
CL029,MOR01,109070985,,
CL029,MOR01,105551407,,
CL029,MOR01,110914284,,
CL029,MOR01,105273953,,
CL029,MOR01,108448018,,
CL029,MOR01,104783054,,
CL029,MOR01,110446425,,
CL029,MOR01,104834886,,
CL029,MOR01,104759484,,
CL029,MOR01,110914188,,
CL029,MOR01,105515220,,
CL029,MOR01,104793092,,
CL029,MOR01,100398466,,
CL029,MOR01,112029318,,
CL029,MOR01,109070951,,
CL029,MOR01,100397498,,
CL029,MOR01,104727888,,
CL029,MOR01,107474249,,
CL029,MOR01,111487641,,
CL029,MOR01,105040527,,
CL029,MOR01,112743634,,
CL029,MOR01,104418137,,
CL029,MOR01,110255573,,
CL029,MOR01,107801334,,
CL029,MOR01,110805213,,
CL029,MOR01,104762229,,
CL029,MOR01,104266882,,
CL029,MOR01,108511822,,
CL029,MOR01,105409646,,
CL029,MOR01,105057038,,
CL029,MOR01,110479016,,
CL029,MOR01,100398562,,
CL029,MOR01,105503966,,
CL029,MOR01,100369761,,
CL029,MOR01,104788613,,
CL029,MOR01,109866060,,
CL029,MOR01,100367088,,
CL029,MOR01,107819294,,
CL029,MOR01,109893877,,
CL029,MOR01,104894782,,
CL029,MOR01,112602989,,
CL029,MOR01,105407173,,
CL029,MOR01,111962309,,
CL029,MOR01,106458562,,
CL029,MOR01,111987864,,
CL029,MOR01,100397623,,
CL029,MOR01,110197351,,
CL029,MOR01,111562137,,
CL029,MOR01,111024486,,
CL029,MOR01,106084708,,
CL029,MOR01,112134652,,
CL029,MOR01,100367416,,
CL029,MOR01,104742703,,
CL029,MOR01,109376052,,
CL029,MOR01,104200592,,
CL029,MOR01,105131648,,
CL029,MOR01,112089361,,
CL029,MOR01,106089509,,
CL029,MOR01,105415405,,
CL029,MOR01,105993310,,
CL029,MOR01,111865171,,
CL029,MOR01,111538188,,
CL029,MOR01,110772378,,
CL029,MOR01,105407261,,
CL029,MOR01,109376001,,
CL029,MOR01,100372371,,
CL029,MOR01,110559091,,
CL029,MOR01,111457855,,
CL029,MOR01,105496090,,
CL029,MOR01,105618624,,
CL029,MOR01,104418161,,
CL029,MOR01,105408096,,
CL029,MOR01,110557133,,
CL029,MOR01,104788744,,
CL029,MOR01,100397560,,
CL029,MOR01,105269313,,
CL029,MOR01,105409806,,
CL029,MOR01,100365744,,
CL029,MOR01,108500218,,
CL029,MOR01,104237037,,
CL029,MOR01,107134130,,
CL029,MOR01,110255477,,
CL029,MOR01,108500550,,
CL029,MOR01,107163491,,
CL029,MOR01,110494048,,
CL029,MOR01,106084847,,
CL029,MOR01,100365787,,
CL029,MOR01,100375580,,
CL029,MOR01,105492427,,
CL029,MOR01,106095221,,
CL029,MOR01,106110937,,
CL029,MOR01,106084898,,
CL029,MOR01,108609037,,
CL029,MOR01,104219234,,
CL029,MOR01,112791994,,
CL029,MOR01,107750725,,
CL029,MOR01,104202037,,
CL029,MOR01,105407894,,
CL029,MOR01,100100172,,
CL029,MOR01,107020239,,
CL029,MOR01,104417943,,
CL029,MOR01,104761947,,
CL029,MOR01,112156384,,
CL029,MOR01,111609185,,
CL029,MOR01,104761912,,
CL029,MOR01,110203642,,
CL029,MOR01,111487552,,
CL029,MOR01,112029182,,
CL029,MOR01,100393631,,
CL029,MOR01,104582404,,
CL029,MOR01,111487093,,
CL029,MOR01,100163464,,
CL029,MOR01,112474155,,
CL029,MOR01,106115113,,
CL029,MOR01,108444615,,
CL029,MOR01,110203765,,
CL029,MOR01,100369059,,
CL029,MOR01,100375619,,
CL029,MOR01,111487587,,
CL029,MOR01,108820625,,
CL029,MOR01,105724654,,
CL029,MOR01,104418233,,
CL029,MOR01,105260028,,
CL029,MOR01,110780511,,
CL029,MOR01,106115148,,
CL029,MOR01,109866094,,
CL029,MOR01,106458597,,
CL029,MOR01,104788681,,
CL029,MOR01,100409735,,
CL029,MOR01,109902227,,
CL029,MOR01,105999244,,
CL029,MOR01,110459103,,
CL029,MOR01,105812312,,
CL029,MOR01,111485240,,
CL029,MOR01,105822668,,
CL029,MOR01,109239744,,
CL029,MOR01,106686531,,
CL029,MOR01,112447763,,
CL029,MOR01,100367109,,
CL029,MOR01,110557168,,
CL029,MOR01,104632352,,
CL029,MOR01,109074759,,
CL029,MOR01,106686434,,
CL029,MOR01,105496188,,
CL029,MOR01,109074724,,
CL029,MOR01,105173418,,
CL029,MOR01,109307410,,
CL029,MOR01,100397578,,
CL029,MOR01,105151243,,
CL029,MOR01,104793017,,
CL029,MOR01,104788710,,
CL029,MOR01,106686565,,
CL029,MOR01,107103851,,
CL029,MOR01,105173080,,
CL029,MOR01,100366771,,
CL029,MOR01,100410664,,
CL029,MOR01,107657678,,
CL029,MOR01,100392179,,
CL029,MOR01,105821059,,
CL029,MOR01,104418196,,
CL029,MOR01,111487616,,
CL029,MOR01,100103824,,
CL029,MOR01,105491838,,
CL029,MOR01,111719229,,
CL029,MOR01,104761883,,
CL029,MOR01,105157725,,
