,Invoice_No
0,20211505124146
1,20211308505936
2,20211445831462
3,20211383739167
4,20211099005919
5,DMQ7579189761
6,20211505122671
7,2020987454075
8,20221921576514
9,2020935257033
10,20211392502699
11,20221792228129
12,20221609202284
13,20221575930089
14,20232194198091
15,20211141729713
16,20211490937626
17,20211133542392
18,20221716548723
19,20221743651906
20,20232194198021
21,20222035611165
22,20211157695230
23,20221716548719
24,20211424124982
25,20221980941954
26,20211308506065
27,20221867847945
28,20211403233091
29,20221664093475
30,20221541150257
31,20211270778454
32,20201044652046
33,20232194198197
34,20221812942575
35,20221646882425
36,20211445831384
37,20221673373342
38,20211424123656
39,20221980942153
40,20211490937652
41,20221602460505
42,20211112372229
43,20221716548344
44,20211479582539
45,2020902273913
46,20222046699209
47,20221867848040
48,20221530519549
49,20232219706009
50,20211383739427
51,20211490937648
52,20201044653485
53,20232095317787
54,20211505124524
55,20211157696384
56,20211509805021
57,20222046698865
58,20211157695529
59,DMQ7579270120
60,2020960706060
61,20211308506074
62,20221699240347
63,20221758665947
64,20211479582544
65,20211270778269
66,20221653539057
67,20221602460503
68,20221602460134
69,20221530517985
70,20222019090439
71,20222061432269
72,20211324899427
73,20232177829294
74,20221563884466
75,20232177828264
76,20211509804260
77,20211479582569
78,20211157695221
79,20211424125297
80,20221664093294
81,20211490939123
82,20211392501374
83,2020931866631
84,20201008530119
85,20221743651966
86,20221684909269
87,20221881658641
88,20221975204452
89,20211479582221
90,20221519063407
91,20221602460136
92,20211509804857
93,20211445833399
94,20221620161044
95,20201032041733
96,20221519063025
97,20221705941770
98,20232177830953
99,20211336679165
100,20221792228136
101,2020929649746
102,20211141730900
103,20211403232913
104,20221646881900
105,20221705940117
106,DMC7578689690
107,20211432994280
108,2020917753725
109,20211424122863
110,20211445831308
111,20221705940991
112,20222065826057
113,20232085102804
114,20221856996314
115,20211509805344
116,2020897738141
117,20221840381162
118,20232085102925
119,20221530517987
120,20221664093426
121,20221856996775
122,20211164418070
123,20221699241347
124,20221563884050
125,20211432994282
126,2020917754485
127,20201032040078
128,20221699240541
129,2020921227768
130,20221631040163
131,20221557674428
132,20211509805287
133,20211182260165
134,20221743653345
135,20211164418565
136,20211424125296
137,20221746517870
138,20222024522617
139,20211157695229
140,20211424122747
141,20221575930091
142,20211308505902
143,20221699238280
144,20221746517884
145,2018697465457
146,20211505123480
147,20211424123610
148,2018700664446
149,2020897738345
150,20221653541206
151,20221631040308
152,20211479582555
153,20232194198019
154,2020935257022
155,2020915646023
156,DMQ7578699406
157,20221926991591
158,2020904402951
159,20221975205017
160,20222035608548
161,20221586380411
162,20221926991760
163,20221575928245
164,20211479581736
165,20232095317323
166,20211164418068
167,2020915646276
168,20222046698685
169,20221620161153
170,2020931867617
171,20221620160945
172,20222061431002
173,2020917753781
174,20201032040084
175,20221746517849
176,20232074769219
177,20221557677476
178,2020939825367
179,20232219705943
180,2020904402950
181,20211383739013
182,2020968997969
183,DMQ7578789863
184,20211383741011
185,20201007123681
186,2018685329571
187,20211308507632
188,20211461822904
189,20221530517996
190,20221541150258
191,20221840380607
192,20221758666475
193,2020902273458
194,20221769886318
195,2020968996499
196,20221653539059
197,2020929036310
198,20221785782690
199,20221980941786
200,20211509805319
201,20221938313504
202,20221541149319
203,20221631041402
204,20232177829570
205,20221705940812
206,20211141730918
207,20211509804825
208,20222019089491
209,20222019091131
210,20211505123570
211,20221792228192
212,20201032041140
213,20221519062907
214,2018692351261
215,20221743652015
216,20211509805317
217,20221938313120
218,20221705942374
219,20211086556922
220,DMQ7579217981
221,20221881658655
222,20221673373485
223,20211270777726
224,20211418242995
225,20211383739132
226,20211509805817
227,20201032040834
228,20232219706030
229,20222065826043
230,2018670503205
231,20221824181382
232,20211383741010
233,20232177830907
234,20201044653486
235,20232085102515
236,20221743651959
237,20221664093405
238,20211141729744
239,20211509803315
240,2020931866103
241,20221664093634
242,20221586380412
243,20201044652039
244,2018697465458
245,20211157696374
246,20221792228749
247,2020907530828
248,20221921576475
249,20221563884467
250,20221673372335
251,2020951595385
252,20221541149859
253,20221824184061
254,20221938313834
255,20221812943622
256,20211424123230
257,20221743653015
258,20211418242996
259,2020966470713
260,20201032040309
261,20211141730363
262,20211157695884
263,2020929650181
264,20222019089495
265,20221743652063
266,20221867848042
267,20221743651986
268,2020968996886
269,20201044653518
270,20221824181686
271,20221541149143
272,20211383739133
273,20222061431116
274,20232219705900
275,20211392502664
276,20221586379699
277,20232219706047
278,20222035609282
279,20221699234664
280,20221602460092
281,20211509805329
282,20221530519535
283,20221716548341
284,20211157695226
285,20211479582526
286,2020939122359
287,2020964654334
288,20221792228166
289,2020921228536
290,20221557677188
291,2019839572321
292,DMQ7579154581
293,20211467926242
294,2020987451485
295,20221975204504
296,20211424124591
297,2020931867636
298,20221758666534
299,20211445830759
300,20211424125238
301,20222035609266
302,20221792228191
303,20221926991923
304,20211424124596
305,20221881658568
306,20211157696396
307,20222046698855
308,20211467927778
309,20201032041763
310,DMQ7579310201
311,20211141730891
312,20221699238297
313,20232194198502
314,20211392502666
315,20221812943322
316,20221840380541
317,20211505123642
318,20211418238772
319,20221727779041
320,20221673372705
321,2019827049800
322,20222019090539
323,20211467927791
324,20211418238773
325,20232177828866
326,20221716549330
327,20232136102173
328,2019731822355
329,20221699235975
330,2020939121195
331,20222019091738
332,2020987451701
333,20211490937651
334,20221746517848
335,2020968996877
336,20221743651939
337,20221975204418
338,20211467927779
339,20221673373691
340,20201049206647
341,DMQ7578689690
342,20221743652494
343,20232074769481
344,20221716549896
345,20221785781808
346,20211157696421
347,20211078898581
348,20221758665943
349,20221646882557
350,20211509804125
351,20222024521614
352,DMQ7579311335
353,20211505123802
354,20221824185072
355,20221699241265
356,20211336679164
357,20221980940249
358,20211182260422
359,20221758665168
360,2020915647674
361,20221575928152
362,20201007123585
363,20221716548967
364,20221812942243
365,20221792228138
366,20211418243338
367,20221653541215
368,20211270777411
369,DMC7578746112
370,20211164418066
371,20221586380415
372,2020966471326
373,2020966470709
374,20211461822915
375,20221802925959
376,2020917755289
377,20222065826071
378,20221586379701
379,20211112374629
380,DMQ7579298510
381,20222019091960
382,20211157696426
383,20211383740763
384,2020902271784
385,20221746517819
386,2020972504536
387,20211418239385
388,20221646882169
389,20211270777420
390,20221609202296
391,20221575928340
392,20221824184255
393,20221785782692
394,20211432992926
395,DMQ7579291244
396,20221792228110
397,20221519063075
398,2018676398457
399,20211418239785
400,20222061431004
401,20221519063066
402,20211403232409
403,20221519062029
404,20221631039807
405,20222024521636
406,20211112373130
407,20211418242994
408,20211424122740
409,2020966471319
410,20211270778261
411,20221609203766
412,20211383740294
413,20211418239429
414,20221785781847
415,20211467925769
416,20221646882011
417,20221653538997
418,2020975164318
419,20221541150694
420,20211418239383
421,20232074769557
422,20221938313163
423,20221921576643
424,2020915647230
425,20211461825997
426,20221530517978
427,20221743651964
428,2020929649728
429,20232177829010
430,20221727779001
431,20232074769486
432,20221646882010
433,20211432994271
434,2019712026860
435,2020960705670
436,20211461822905
437,20211467925770
438,20211505124982
439,20232194198718
440,2019715883078
441,2020987451522
442,20211112372130
443,20211308505730
444,20211383739104
445,20211509805737
446,20211112372222
447,20211336679169
448,20221975205026
449,20211461826011
450,20211270777419
451,20221926991715
452,20211479582564
453,20222035610658
454,20211383740760
455,20221563884465
456,20221541148464
457,20201032040592
458,20211461825980
459,20232085102678
460,20211424125493
461,20232219705867
462,20221716548833
463,20221684911236
464,20221653539062
465,20221856997588
466,20211070012190
467,20211420385136
468,20211432994278
469,20221664093425
470,20232085103576
471,20221824181320
472,20221769886301
473,20232219705875
474,20221673371955
475,20211392502668
476,20221631040544
477,20211467925847
478,20211509805273
479,20211403230527
480,20221530517983
481,20221840381159
482,2020960704989
483,20222046698836
484,2019775969333
485,2020960705585
486,2018676134514
487,2020915647639
488,20221921574989
489,20211467925860
490,20232074768929
491,20211392502704
492,20221727779711
493,20221653539005
494,20211432994270
495,20232095317698
496,20221705940446
497,DMC7578688312
498,20232110883093
499,20201007123692
500,20221926991630
501,20221743652017
502,20211418239448
503,20221664093418
504,20221699240763
505,20221792227016
506,20211392502512
507,2020960703788
508,2020902271742
509,2020942968494
510,20211432994262
511,20221620161042
512,20232194198636
513,20221975204337
514,20232136102171
515,20211509805322
516,20232074769558
517,20221620161138
518,2020960705586
519,20221620159746
520,2020895198782
521,20211141730917
522,20221705942461
523,20211383740598
524,20232074769577
525,20201032041730
526,20211479581735
527,20211086558047
528,20221557676037
529,20221716549390
530,2020956109696
531,20221938313790
532,20221541149127
533,20211086555451
534,20211461826028
535,20211418243459
536,20211461826019
537,20221631040322
538,20221758666686
539,20222061431118
540,20211445832102
541,20221563884823
542,20211461825981
543,20221980942689
544,20222065826034
545,20221530518921
546,20211383739121
547,20222035609267
548,20221664095059
549,20221840381381
550,20221575928717
551,2020917754433
552,20232095317959
553,20221921576607
554,20221769886871
555,20232177828831
556,20222019091129
557,20232074768692
558,20222065826120
559,20221684910130
560,20211479582550
561,20211509804127
562,20232110885745
563,20232136102184
564,20221563883014
565,20211403233260
566,20221743653144
567,20221824185059
568,20221921574958
569,20221631040201
570,20211479582521
571,20211403231788
572,20232074769480
573,DMQ7579268748
574,20221980942352
575,2020897738347
576,2020897738143
577,20211424124531
578,20221519063909
579,20221620161106
580,20211445831461
581,20221646882485
582,20221541148466
583,2020921228458
584,20211432994255
585,20221609202262
586,20221980940246
587,20211086558033
588,2020960295370
589,20221519063064
590,20221653539374
591,20232085103719
592,20211467925766
593,2020996981568
594,20221519063991
595,20211157696381
596,20221743652976
597,20221867848053
598,20221664093388
599,20221746517902
600,2020931867589
601,20232219705894
602,20211505124523
603,20221758665087
604,20211182260164
605,20221926991691
606,20211490937630
607,20221802925543
608,20211141730894
609,2019745765872
610,20221716549392
611,20221792228114
612,20221530518586
613,20222024521635
614,2020910960204
615,20221586379174
616,2018703146837
617,20221727779259
618,20211336678196
619,20221881659939
620,2018682420778
621,20211509803780
622,20211418242569
623,20221921576544
624,20211424122742
625,20222035610657
626,20221926991746
627,20222035609044
628,20221792228151
629,20221673371665
630,20221519062905
631,20221705940811
632,20211324899425
633,20221530518001
634,2020966471139
635,20221541148926
636,20211418243280
637,20211509805326
638,20221586379595
639,20211392502681
640,20221727779057
641,20211270777423
642,20221557677187
643,20211424123888
644,DMQ7578967619
645,20232219706008
646,20222061430381
647,20232177829451
648,2018673439997
649,20221653539006
650,20211490937632
651,2020987454163
652,20221519063895
653,2020987451704
654,20232095317960
655,20221812943621
656,20211509805815
657,20211383740764
658,20232095316904
659,20221856996005
660,20221530517995
661,20211392502679
662,20221673371956
663,20211164418933
664,20201032040089
665,20211432994238
666,20222019091390
667,20221785781842
668,20221541150696
669,20221673372704
670,20221921576574
671,20221758665941
672,2020921229060
673,20222065826042
674,20232219705872
675,20211479582559
676,20232110885758
677,20222019091519
678,2020960706033
679,20211424124536
680,20221620161746
681,2020915647381
682,20232074769191
683,20232074769484
684,20211445832549
685,20221653541296
686,20211509804855
687,20221541150172
688,20222035609279
689,2019706971746
690,20221802925544
691,20221975204345
692,20201049206650
693,20221557677467
694,20211141730899
695,20221921576507
696,20201044653510
697,20221975204446
698,20221575929519
699,20232194198022
700,20221746517922
701,DMC7579189761
702,2018697465771
703,20221743650785
704,20221975203240
705,20211392502450
706,20211505122688
707,20221975204496
708,20211509805382
709,20211467927777
710,20211467925846
711,2020951593501
712,20221921575022
713,20211479582131
714,2020996981566
715,20211157696371
716,20221921575026
717,20211164418079
718,20211383739110
719,20221802925475
720,20211182259683
721,20211445832551
722,2020987454250
723,20211467926244
724,20211336679170
725,2020915646400
726,20221926991807
727,20222024521652
728,20221684910384
729,20211461826022
730,20211383741116
731,20211432993007
732,20211403232598
733,2020933786482
734,20211505124144
735,20221684911237
736,20222019091253
737,20221653539930
738,2020856159327
739,20221881658656
740,20211403232990
741,20221743652037
742,20221541148869
743,20232085102554
744,20211509804162
745,20232194198840
746,20221746517836
747,20211461826004
748,20221716549620
749,DMC7579201489
750,20201032041729
751,20211141730893
752,20211383739014
753,20221824184097
754,DMC7578686448
755,2020915646022
756,20221664095060
757,20232177830912
758,2019740591717
759,DMQ7578701669
760,20211383738418
761,20221557677074
762,20221746517897
763,20221867848052
764,2020987451705
765,20211479582546
766,2020942967553
767,20211141730914
768,20211336679158
769,DMQ7578682519
770,20221653538988
771,20221699240345
772,20221563884596
773,20221938314545
774,20211164418071
775,20222046698873
776,20211432994257
777,20211445833110
778,DMQ7579353060
779,2020933786476
780,20221575928507
781,20232074769479
782,20211392500639
783,2020960703787
784,20221653541203
785,20222024521641
786,2020931866589
787,DMC7578720926
788,2020904402914
789,20211112373112
790,20221727779030
791,20211182260184
792,2020968998006
793,20221792228137
794,2019727246780
795,20221938314602
796,2020929651382
797,20221541148870
798,2018670503198
799,20232110883730
800,20222046698871
801,20211505122692
802,20222046698850
803,DMQ7579294606
804,20221586380086
805,20211424124983
806,20221716548328
807,20211418243281
808,20221519064590
809,DMC7578728566
810,20232095317971
811,20211308506072
812,20211505122694
813,20211509803648
814,20232074769444
815,20221620161217
816,20221716548425
817,20201044652031
818,20232110883788
819,2020902273924
820,20221824181914
821,20232219706093
822,20221746517918
823,20232219706021
824,20221938313119
825,20232110883781
826,20211424123231
827,20221557677075
828,20211270777417
829,20232095316540
830,20221926991814
831,20211164418831
832,2020942968492
833,20221653541236
834,20232074769575
835,20232085103720
836,20221586380413
837,2020907532680
838,20221921574666
839,20211467927745
840,20211509804161
841,2019781577852
842,20211467925773
843,20221921574915
844,2020902273311
845,2020966471443
846,20221530517982
847,20221684910860
848,20221631040197
849,20221541149144
850,20211099052233
851,20222024521622
852,20211509803316
853,20211403230956
854,20222019091961
855,2018685331360
856,20211490937645
857,20211403233248
858,20221586380398
859,2018703145500
860,20221975205016
861,20232194198350
862,20211490939869
863,2020929650193
864,20221557674535
865,DMQ7578800660
866,20232085104498
867,20221980940960
868,20221824181372
869,20232095317768
870,20211141730903
871,20221769887306
872,2020931868018
873,2020915647412
874,2019841348612
875,2019850992210
876,20221653539007
877,20221824181642
878,20211308506911
879,20221769887225
880,20232074769457
881,20221684910445
882,20221653541207
883,20232136101704
884,20221743652942
885,20221586379233
886,2020956110841
887,20221743653145
888,20221938314243
889,20201007123895
890,20221926991889
891,20211086558030
892,20221557674171
893,20221586380416
894,2020951156524
895,2020921228522
896,DMQ7579180294
897,2020902271722
898,20222046698854
899,20211336678178
900,20221530519536
901,20221802925473
902,20221664093348
903,20221557674172
904,DMC7578682519
905,20201032041764
906,20221824184254
907,2020921228516
908,20211403232597
909,20211467925774
910,20232110885772
911,2020907531258
912,20201032040088
913,20221921576673
914,20221575928865
915,20221563883064
916,20211461825686
917,20211479582558
918,20232110885744
919,20221980942204
920,20221792228220
921,20211064869559
922,20221602460913
923,20232136102142
924,20221926991600
925,2019712026610
926,20211336679162
927,20221673372706
928,20221975204339
929,20232095316703
930,20221563884822
931,20211336679166
932,20211418243337
933,20221769888093
934,2019844391875
935,20221769887927
936,20232085104500
937,20232110885761
938,20221975205486
939,20232074769487
940,20211509805621
941,20211182262126
942,20221653539058
943,20201049206652
944,20211112373131
945,2020915646024
946,20201004884016
947,20211403232297
948,20211112374630
949,20211505122672
950,20201008530148
951,2019828943146
952,2019709375364
953,20221705941132
954,20221530517994
955,20222046698914
956,2020939121190
957,20211164418078
958,20221867848466
959,20221586379605
960,20221921576724
961,20221716548216
962,2019778850437
963,20221653539060
964,2020917754491
965,20232074769195
966,20221812942134
967,20211490937654
968,20222061432268
969,20222046697290
970,20222019090867
971,20211461826005
972,20221586379173
973,20221802925477
974,20221785781843
975,20232085102683
976,20221743652038
977,20221602458147
978,DMQ7579321955
979,20221555118562
980,20221840381153
981,20232085103574
982,20221575929537
983,20232074768681
984,2020915647689
985,20221727779255
986,20222035611423
987,2020895196811
988,2020904401735
989,20221519062749
990,2020931867619
991,20211509805331
992,20221926991862
993,20221758665167
994,20221575928421
995,2020944539931
996,DMQ7578973975
997,20211418243282
998,20221609202286
999,20221684911527
1000,20221792228132
1001,20232177828622
1002,20211461825993
1003,20221586380087
1004,20232095316971
1005,20211424123867
1006,20221646885175
1007,20221727779009
1008,2020968997962
1009,2020897738139
1010,20221824181379
1011,20221975204781
1012,2020910960205
1013,20221586380410
1014,20222046698913
1015,20211308506075
1016,20201007122941
1017,20211461826007
1018,2020987453236
1019,20201044652048
1020,2020942967548
1021,20232074769563
1022,20211383739103
1023,20211392502667
1024,2020968996504
1025,20211461826003
1026,20222061431117
1027,20232219705954
1028,20211182260177
1029,2020987454162
1030,20211383739108
1031,20211424123227
1032,20221743652900
1033,20232085102923
1034,20221609202059
1035,20221519063027
1036,2020902273309
1037,20211420385147
1038,20221938314500
1039,20221653541128
1040,20221856997734
1041,2018700663444
1042,2020987451727
1043,20232194198483
1044,20232136102044
1045,20221926991799
1046,20221705940750
1047,20201044652047
1048,20221530519560
1049,20222024521616
1050,20211182262100
1051,20211270778268
1052,20222035609228
1053,20221856997587
1054,2020966471317
1055,2020960704966
1056,2020960703855
1057,2020895197058
1058,20221938314604
1059,20211505124983
1060,20211248410071
1061,20221557673678
1062,20211445830798
1063,20211308506078
1064,2020966470702
1065,20221785782730
1066,20221727779049
1067,20211479582109
1068,20221653538998
1069,2020968997972
1070,20211157696386
1071,20221867848169
1072,20211505122693
1073,20211086558039
1074,20222024521660
1075,20221727779266
1076,20211392500978
1077,20221705942006
1078,20221792227730
1079,20221653541148
1080,20221926991922
1081,DMQ7578685938
1082,20221609203477
1083,20221519062906
1084,20221609203187
1085,20222065826041
1086,DMC7579218667
1087,20221602458254
1088,20211336678179
1089,20221785782782
1090,20221975205012
1091,20221802925491
1092,20221824185063
1093,20211418239428
1094,20221684909881
1095,20222046698837
1096,20211141730910
1097,20221530518718
1098,20221743652492
1099,20221785782780
1100,20221631040202
1101,20211424124532
1102,2020902273912
1103,20222065826082
1104,20221586380468
1105,20211445830430
1106,20211490937628
1107,20221705941487
1108,20221716549794
1109,20221586379700
1110,20211392500273
1111,20211418238694
1112,20221840381160
1113,20232074769193
1114,20221664093347
1115,20232074769192
1116,20221824181383
1117,20201008530146
1118,20221699239950
1119,20221684911400
1120,20221586380393
1121,20221586380482
1122,20221824183241
1123,20211164418932
1124,2020956109639
1125,20211336679171
1126,20221812943624
1127,20201044652032
1128,20211270777410
1129,20221557673927
1130,20232085102795
1131,20221620161139
1132,20221926991569
1133,20222061430208
1134,20211157696393
1135,20211445830841
1136,20221802925467
1137,20221743651191
1138,20211424124542
1139,20232074769468
1140,20222035610923
1141,20211509804307
1142,20221792228212
1143,20221921574948
1144,20221530517986
1145,20221631040204
1146,20221792228131
1147,20221631040198
1148,20201007123613
1149,DMQ7578735144
1150,2020942969256
1151,20211403233261
1152,20221921576606
1153,20221705942207
1154,20221856997265
1155,20211509805272
1156,20221530518380
1157,20201007121942
1158,20222024502669
1159,20221586379171
1160,20221664093329
1161,20221769887307
1162,20211467925796
1163,20221938314257
1164,2020960705672
1165,20201044653574
1166,20221938312993
1167,2018703145492
1168,20222024521613
1169,2019850086337
1170,20211270777519
1171,20211461821937
1172,20211112373111
1173,2020987451706
1174,20221785782825
1175,20211490937658
1176,20211505124531
1177,20221856996543
1178,20201007121321
1179,20221653539003
1180,2020960295381
1181,20211164418123
1182,2020902273522
1183,20211270777424
1184,20211086558037
1185,20211182260181
1186,20221646881784
1187,20221802925934
1188,20232095317730
1189,20211157696428
1190,20211086556895
1191,20211424125491
1192,20221743650581
1193,20211424123224
1194,2020931866600
1195,20211509805346
1196,20211461826016
1197,20221664093617
1198,20232110883789
1199,20221758665254
1200,20232074769467
1201,20221653541204
1202,20221727779050
1203,20211432994259
1204,2020915646289
1205,20221881658611
1206,2020910961575
1207,20222061432062
1208,20232136101711
1209,20211164418104
1210,20221530517993
1211,20211383741128
1212,20211505123640
1213,20232110885747
1214,20211479582567
1215,2020939121197
1216,20221743651960
1217,20221557677477
1218,20211490937646
1219,20211270777416
1220,2020907531214
1221,20211164418107
1222,20222024521634
1223,20211182260191
1224,20211418243339
1225,20232095317697
1226,2018693319519
1227,2019831897021
1228,2020929651396
1229,20211182262108
1230,2020862583141
1231,20232095317893
1232,20221921575298
1233,20221824185060
1234,20221699240935
1235,20211479582522
1236,20211403230528
1237,20211418238749
1238,20211509805320
1239,20221586380397
1240,2020956109709
1241,20232136102172
1242,20221586379175
1243,20221921576549
1244,20221653541130
1245,20221653539008
1246,2020910960558
1247,20211270778450
1248,20211112373107
1249,20211445831309
1250,20221586379172
1251,20221557673929
1252,20221824185085
1253,20221856996856
1254,20232074769187
1255,20221743650582
1256,20221921576582
1257,20232177828845
1258,2018682420871
1259,20221716548346
1260,20221926992500
1261,20221563884595
1262,20211490937644
1263,20211509805620
1264,20232110885759
1265,20211182262102
1266,20232074769185
1267,20221746517937
1268,20222065826044
1269,20221575928506
1270,20211432994263
1271,20211336679168
1272,20221575928246
1273,20221824181388
1274,2019814362352
1275,20232194198684
1276,20211060775769
1277,20201044652036
1278,20232074769576
1279,20232110885771
1280,20211424123229
1281,20211141729767
1282,20211157696390
1283,20221975205015
1284,DMC7578730616
1285,20211164418566
1286,20211424124541
1287,2020942970109
1288,20221743652941
1289,20211424125298
1290,2020939122398
1291,20221575929538
1292,20211490939126
1293,20211270777413
1294,20221938312920
1295,20232095317894
1296,20222065825967
1297,20211509805308
1298,2020987451523
1299,2020910960206
1300,20221824181390
1301,20222024522746
1302,20232136101724
1303,20232219706000
1304,2020960705581
1305,20221699238279
1306,20232074769456
1307,20211509803067
1308,20221575929521
1309,20221620161105
1310,20211403231156
1311,2018676134513
1312,20221684909268
1313,20211141730901
1314,20221840380129
1315,20222019091391
1316,20211445830408
1317,20201049206633
1318,2018700664445
1319,20221586379178
1320,20221980940247
1321,20221631040200
1322,20221856997533
1323,20221602460520
1324,20221653541221
1325,20221921576692
1326,20221586379715
1327,2020915646075
1328,20221812942325
1329,20211432993912
1330,20221664093293
1331,20201008530120
1332,20211383739118
1333,20221530519288
1334,20221519063910
1335,20221938313037
1336,20211383740962
1337,20211112373123
1338,20232074768881
1339,20211445830310
1340,20222019091962
1341,20221938314785
1342,20211490937649
1343,2020895199287
1344,20221980941075
1345,2020966471328
1346,20221812942372
1347,20221620161047
1348,20221867849915
1349,20221867849585
1350,20232219706019
1351,20211509805381
1352,20222024521615
1353,20221673372564
1354,20221684910744
1355,2019844389557
1356,20221758666763
1357,2020902273916
1358,20221743651947
1359,20221519062935
1360,20221812942489
1361,2020910960277
1362,20221519062936
1363,20211141730915
1364,20221586379665
1365,20211182260202
1366,20201044652040
1367,20211509805816
1368,20221519063065
1369,20211112373108
1370,20201008530136
1371,20232194198387
1372,20222035609278
1373,2020942967517
1374,20221653540843
1375,20211505124145
1376,2018682420779
1377,DMQ7579205518
1378,20222019091254
1379,2018692351256
1380,20222019089496
1381,20221575929539
1382,20221620161107
1383,2020907530220
1384,20232136101703
1385,2020966471327
1386,20221684910436
1387,20222065826058
1388,20221802925548
1389,20221575930090
1390,20221812942242
1391,20221840381158
1392,20232074769220
1393,20232194198272
1394,20221519062030
1395,20222024521640
1396,20211112373109
1397,20221631040205
1398,DMQ7579009465
1399,20221716548794
1400,20221802925479
1401,20221975205039
1402,20222035609280
1403,20211270777418
1404,2020915647245
1405,20211467925775
1406,20201032041776
1407,2020960704977
1408,20221812942368
1409,2020987454068
1410,20211403233249
1411,20211479582566
1412,20221586380417
1413,20211432994247
1414,20221926991981
1415,20222046698872
1416,20221631040025
1417,20222065826040
1418,20211461822916
1419,20211467925853
1420,2019729108608
1421,20221575928419
1422,20211182260193
1423,20211064869557
1424,20221664093413
1425,20221785782657
1426,2020996981567
1427,20221664094315
1428,20221646882168
1429,2020960703786
1430,2020897738147
1431,2020951593405
1432,20222019089493
1433,20221926991876
1434,20221519064049
1435,2018676398447
1436,20222065826045
1437,DMQ7579361447
1438,20222061431241
1439,20211308506079
1440,2020968997970
1441,2020987451702
1442,20221519062216
1443,20221881658642
1444,20232085103575
1445,20221519063067
1446,20221530519545
1447,20222061431003
1448,20211112373125
1449,20201007122098
1450,20232085103718
1451,20211505122687
1452,20211086557277
1453,20211112373102
1454,20211424123611
1455,20211445831494
1456,20221653541262
1457,20232074769566
1458,20211461826009
1459,2020929651370
1460,DMQ7579177287
1461,20222046698687
1462,2018673439684
1463,20221802925476
1464,20221727779265
1465,2019712026859
1466,20232074769485
1467,2020939825370
1468,20211509805345
1469,20211392502682
1470,2020895196812
1471,20221716549891
1472,20221586380483
1473,20222019091705
1474,20211424125080
1475,20221802925734
1476,20221881658494
1477,2020931866662
1478,20211392500637
1479,20211164418579
1480,20221705940886
1481,20211182260162
1482,20211509803650
1483,20211182259690
1484,20221758665035
1485,20221631040162
1486,20221926992772
1487,20232095316972
1488,20211509804246
1489,20232085102805
1490,2020904400605
1491,20221792228189
1492,20221746517885
1493,20232085102924
1494,20211424123865
1495,2020929650431
1496,20211461826025
1497,20211141729759
1498,20211445831239
1499,20221769888248
1500,20221563884048
1501,20232085102679
1502,20221980942199
1503,20221653541220
1504,2020942968493
1505,20221980941297
1506,20221758666720
1507,20221921576667
1508,20211424123866
1509,20211383740770
1510,20221653539061
1511,20211383739122
1512,20221541150651
1513,20221785785497
1514,20211432994276
1515,20221673373341
1516,20221530518975
1517,DMQ7579267254
1518,20232095316584
1519,20232110885749
1520,20221746519097
1521,20221664095609
1522,20222024521617
1523,20221673371766
1524,2020907530826
1525,20211112373106
1526,20211164418089
1527,20211248410070
1528,2020904401790
1529,20232136102166
1530,2019709375423
1531,DMQ7579285033
1532,20221824181319
1533,20221921576515
1534,2020917754502
1535,20211157696430
1536,20222019091392
1537,20222065826035
1538,20221769888678
1539,20221602458252
1540,20221746517852
1541,20201007121329
1542,20201032040590
1543,20221980940363
1544,20221758666685
1545,20232074769455
1546,DMQ7579040799
1547,20221743651979
1548,20211479582549
1549,20211505122686
1550,20211392500638
1551,20221758666573
1552,20232074769196
1553,2020966471318
1554,20232110885748
1555,20211418242664
1556,20221530517992
1557,20232095316541
1558,20211064869558
1559,20221785781762
1560,20222035609251
1561,20211403232298
1562,20221785781810
1563,20211467926035
1564,20221758665036
1565,20222035609227
1566,20221530519550
1567,20211383739117
1568,20222046698866
1569,20221769888092
1570,20222061430382
1571,20221563884049
1572,20222019090865
1573,20232194198766
1574,20211509805380
1575,20221563884782
1576,20211164418125
1577,20211270777422
1578,2019847527380
1579,2020897738333
1580,2020929649690
1581,20222035609226
1582,20221519063368
1583,20211461826023
1584,20222065826059
1585,20221664093399
1586,20211086558040
1587,2018680564156
1588,20211086558038
1589,20221575928420
1590,20221802925478
1591,DMQ7579359548
1592,20221921576671
1593,20222024521612
1594,20221557677346
1595,20211336679172
1596,20211509805318
1597,20221785782731
1598,20211324899423
1599,20221716548966
1600,2020942969253
1601,20211403232290
1602,DMC7579203047
1603,20211112373113
1604,2020944539930
1605,20221557677466
1606,2019788413322
1607,20221975204503
1608,20201049206649
1609,20221586379604
1610,20221575929520
1611,20232177828678
1612,20221840380604
1613,2019812758216
1614,20221557673586
1615,20221824181366
1616,20211336679167
1617,20221563883529
1618,20222046698689
1619,20221743651972
1620,20222046698853
1621,20211418238771
1622,20221541149261
1623,20221980942154
1624,20201007121932
1625,20211479582543
1626,20211383740772
1627,20211509804001
1628,20221646882483
1629,20221705941948
1630,20211490937653
1631,20221557674278
1632,20222046698835
1633,20221716549826
1634,DMQ7578714486
1635,20232136102185
1636,2020956109663
1637,20221980942546
1638,20221673372760
1639,2020939825371
1640,DMQ7579272283
1641,20211383741127
1642,20211164418130
1643,20211505122746
1644,20201007121931
1645,20221673372229
1646,20221673371751
1647,20211392502665
1648,20211505122734
1649,20221824183910
1650,2020956109694
1651,20221746517840
1652,20211461822924
1653,20211336679157
1654,20221938313949
1655,20221646885093
1656,20221530517984
1657,20221684910129
1658,20221557674534
1659,20221586379714
1660,20221586379180
1661,20221609202294
1662,20221727779005
1663,20222024521650
1664,20222035609043
1665,20221840379787
1666,20211383739109
1667,20221620161140
1668,20221602460519
1669,20221609202285
1670,20222046698852
1671,20211182260163
1672,20222065826072
1673,20221684909270
1674,2018694244717
1675,20211424125409
1676,20221586379231
1677,20211383741325
1678,20221824183253
1679,20201032040087
1680,20221705940751
1681,20222046698851
1682,20221727779008
1683,20222065827593
1684,20211424123383
1685,20222046698915
1686,2020966471172
1687,2019706971747
1688,20211270778456
1689,2018688305730
1690,20221727779056
1691,2019709375206
1692,20221727779169
1693,20221586380143
1694,20211182259682
1695,20211505123568
1696,20221541150256
1697,20221684910257
1698,20211479581737
1699,20221673372859
1700,2019723335290
1701,20221699237149
1702,20221557674533
1703,20221602460874
1704,2020907532691
1705,20211383740767
1706,20201032041782
1707,20221673373518
1708,2020942967529
1709,20221769887928
1710,20221541148700
1711,20221705942375
1712,20221575928165
1713,2020951593498
1714,20221699236035
1715,20221646881786
1716,20221575929977
1717,20232074768928
1718,20221575928059
1719,20221602460611
1720,DMQ7578923683
1721,2020902273914
1722,20221609202338
1723,20211418239384
1724,20232194198646
1725,20211086558457
1726,20211424124534
1727,20201032041768
1728,20221727779025
1729,20211467925852
1730,20211445831108
1731,20232074769186
1732,2020939122380
1733,2020960703785
1734,20221921576581
1735,20221586379600
1736,20232219706091
1737,20211432994237
1738,20221575928166
1739,20211432994264
1740,2020964654335
1741,20221812942181
1742,20221824184985
1743,2020987454076
1744,20221802925492
1745,20211479582563
1746,20221769886409
1747,20221938313345
1748,2020966471436
1749,20221743652059
1750,20221921576668
1751,20221938313904
1752,20221854107229
1753,2019706970609
1754,20211308506101
1755,20211336679163
1756,20221727779028
1757,20211164418576
1758,20221881658570
1759,20211467925768
1760,20221602460939
1761,20232136102165
1762,20221664093437
1763,20221921576534
1764,20211424123228
1765,20211141730904
1766,20211392502678
1767,20221769885991
1768,20211308505903
1769,20221746517874
1770,20221673373484
1771,20211086555453
1772,20221785781695
1773,20211383740295
1774,20221673372563
1775,20201044652486
1776,20222019091521
1777,20232085102794
1778,20211282538908
1779,20221802925542
1780,20221664093415
1781,20221824183254
1782,20221743652493
1783,20221673371621
1784,20221653541004
1785,20211194622709
1786,2019784259596
1787,20201044652038
1788,20221881658590
1789,20221926991604
1790,DMQ7578682524
1791,20221926991714
1792,20221938313905
1793,20222061431239
1794,20232110885711
1795,20221519062031
1796,20221575928338
1797,20211070012192
1798,DMQ7578771961
1799,20221705940426
1800,20211445830309
1801,20211392502574
1802,2018694245081
1803,20221824181370
1804,20221938314177
1805,20221938313706
1806,2020951593379
1807,20221856997608
1808,20221602460504
1809,20211403233090
1810,20222061432061
1811,20221620162005
1812,20232085102771
1813,20221743652999
1814,DMQ7579291245
1815,20211467925776
1816,2020915647715
1817,2020897738142
1818,20201032041734
1819,20211392501133
1820,2018676134512
1821,20221699241169
1822,2020897740233
1823,20221609202282
1824,20201032040079
1825,20221602460093
1826,20201032040083
1827,20211203336136
1828,20221802925513
1829,20221705941398
1830,20232194198608
1831,20221609202287
1832,20222061432267
1833,20222065827613
1834,20211424125492
1835,20221684910446
1836,20211505124981
1837,20211403233144
1838,20221602460390
1839,20232177830903
1840,20222074768624
1841,20221926991744
1842,20221609202283
1843,2020910960536
1844,20221557673587
1845,20221705940445
1846,20211432993034
1847,2018704485166
1848,20211445831733
1849,20221563884824
1850,20221519063824
1851,20221557674279
1852,DMQ7579264294
1853,20211403232495
1854,20222024521611
1855,20211445831307
1856,20211182260169
1857,20211445830308
1858,20221743653346
1859,20211432994279
1860,20232074769559
1861,20211467926243
1862,2020895196793
1863,DMQ7579276208
1864,20211432992907
1865,20221812942369
1866,20221631040199
1867,20221812943324
1868,20221541149860
1869,20211490937629
1870,20221867848001
1871,20211424122739
1872,20211324899441
1873,DMQ7578705953
1874,20211490937624
1875,20232194198420
1876,DMQ7579280495
1877,20211403231783
1878,2020895197023
1879,20232095316701
1880,20232074769564
1881,20232177830891
1882,20221653541263
1883,20211403232093
1884,20222061430209
1885,20232136100082
1886,20221867848024
1887,DMQ7579218667
1888,20211490937643
1889,20221586380387
1890,20211164418114
1891,2019808648278
1892,20221699240403
1893,20201008530147
1894,20221609202300
1895,20221699240493
1896,20211182260189
1897,2020960703784
1898,20221938312979
1899,20211461826018
1900,2018680564155
1901,20221746517938
1902,20232110885763
1903,20211432994253
1904,20221938313523
1905,20211509804873
1906,20221705942462
1907,20222046698686
1908,20211336680103
1909,20201044653514
1910,20221541150648
1911,20211403231523
1912,20211467926779
1913,20221620161043
1914,20221938313835
1915,20211270777421
1916,20222061431074
1917,2020929649723
1918,20211403230557
1919,20221758665782
1920,20221938313952
1921,20221802925480
1922,20222035609277
1923,20221646885177
1924,20221602458253
1925,20211308507111
1926,2020951593490
1927,20211403232410
1928,2019817058948
1929,20211424124533
1930,2020907530827
1931,20221975204378
1932,20221646882484
1933,20211479581875
1934,20211157696397
1935,2019805742917
1936,2020987453232
1937,20232136101725
1938,20211383740761
1939,20211424123233
1940,20221609202301
1941,20222061431240
1942,20222065826056
1943,20221699237148
1944,20222035608549
1945,2020917755141
1946,2020895196792
1947,DMQ7578685941
1948,20221541149142
1949,20221921574971
1950,20221716548721
1951,20211392501177
1952,20201032040085
1953,20211505123569
1954,20221812942649
1955,20221926991592
1956,20211270777134
1957,20211383739119
1958,20211060775785
1959,20222024521610
1960,20221609202306
1961,20211324899257
1962,20221673373692
1963,20221699240729
1964,20221746517875
1965,20232136102143
1966,20211445831238
1967,2019841346067
1968,20221840381163
1969,20222035609281
1970,2018704485174
1971,20211383740169
1972,20221743650514
1973,20211182260195
1974,20221743651971
1975,20222024521623
1976,20201032040080
1977,20211112373124
1978,20221812942324
1979,20211324899416
1980,20232136102043
1981,20211424122480
1982,20221541148525
1983,20221758666554
1984,20211467927786
1985,20221881658612
1986,2020966471573
1987,20232074769482
1988,20221631041610
1989,20201007121943
1990,20221758666476
1991,20211418242600
1992,20211112373110
1993,20201044653509
1994,20221785781769
1995,20221519063989
1996,20201044652151
1997,20211509805310
1998,20221769888668
1999,DMC7578721595
2000,2020939122401
2001,2020929649744
2002,DMQ7579101582
2003,2020929649325
2004,20211432992927
2005,20222019091740
2006,20221664093333
2007,2020917754471
2008,20221769886274
2009,20221921575786
2010,20232177828779
2011,20211270777412
2012,20221746517850
2013,20211182259687
2014,20222061432060
2015,20222065826084
2016,20221541148871
2017,20211383741012
2018,20221586380392
2019,20221769887109
2020,20221980940361
2021,20211509805011
2022,20232095316973
2023,20232136102014
2024,2020987451482
2025,20221856997385
2026,20221699240728
2027,20211432994267
2028,2018704482833
2029,20201044652037
2030,20232085102803
2031,20201044653526
2032,20221575929627
2033,20221541149922
2034,20221758666718
2035,20232136102141
2036,20211164418132
2037,20221705942410
2038,20232177830872
2039,20221620160950
2040,2020951594765
2041,20221519063406
2042,2020939825372
2043,20221653541183
2044,2020931868027
2045,20232194198367
2046,20221519062469
2047,20221856996950
2048,20221840381218
2049,20211424122746
2050,20221975204366
2051,20221743653014
2052,20211479582557
2053,20232085103473
2054,20211424124592
2055,20221563883013
2056,20221867848048
2057,2018700664589
2058,2020895196794
2059,20221975205013
2060,DMQ7578783372
2061,20221586379603
2062,20221785781809
2063,20222046698690
2064,20211141730892
2065,20221980940468
2066,20211418239447
2067,20201044653532
2068,20221530519546
2069,20221938313524
2070,20221705940118
2071,20211445832570
2072,20221530518424
2073,20211490939149
2074,20221980940467
2075,20221769886793
2076,20211509803317
2077,20232219705927
2078,20221802925481
2079,20211112372228
2080,20221769886873
2081,20211461826020
2082,20221824185071
2083,2020968996923
2084,2020929651367
2085,20211490937647
2086,20222019090866
2087,20221785782647
2088,2020996981563
2089,20221743651987
2090,2020895196810
2091,20211383740682
2092,20221646883896
2093,20211461826006
2094,20222065826060
2095,20211182262109
2096,20221921576617
2097,20221646885057
2098,20221824181381
2099,20232177829584
2100,20232110885746
2101,20221938313751
2102,20221586380399
2103,2018694244718
2104,20211490937633
2105,20201049206648
2106,20221646882170
2107,20211157696873
2108,20211392502677
2109,20211383740762
2110,20211157695225
2111,20211112373103
2112,2019835123271
2113,20221743652723
2114,20211112373120
2115,20221586379698
2116,20232219705901
2117,20221646885176
2118,20221881658657
2119,20221938312921
2120,20211490939125
2121,20221743653165
2122,20221631040128
2123,20222019091525
2124,20222061430207
2125,20232136102167
2126,20221812942370
2127,20211432993491
2128,20221812942577
2129,20221785782779
2130,20221705940859
2131,2020904403048
2132,2020907530924
2133,2020966471435
2134,20211168877343
2135,20221586380409
2136,20211418243664
2137,20221530517910
2138,20221727779011
2139,20211432994252
2140,20221840381180
2141,20221653541155
2142,20211509802969
2143,20211509805321
2144,20232095317892
2145,20221653541295
2146,20221840380885
2147,20211505123641
2148,20221563884781
2149,20221980940529
2150,20221975204412
2151,20232074769670
2152,20211308506077
2153,20221824185058
2154,2020951592980
2155,DMQ7578686448
2156,20221856996841
2157,20221980941875
2158,2018688305461
2159,20221921576494
2160,20222024521642
2161,20211392502449
2162,20211060775775
2163,20211086558461
2164,DMC7578685938
2165,2020942969254
2166,20221921576533
2167,20221684910871
2168,20211141730895
2169,20221938313762
2170,20211403233145
2171,20221824183916
2172,20211403233250
2173,20221926992771
2174,20211392502700
2175,20221557677073
2176,2020921228580
2177,2020929651361
2178,20211403232408
2179,20221867847955
2180,20221835192500
2181,20222035609265
2182,20221802925549
2183,20221802925470
2184,2020931867615
2185,20221746517393
2186,20221563885031
2187,20221705940990
2188,20232074769218
2189,2020942969726
2190,20221758666553
2191,20221938313860
2192,20221881658976
2193,20221684910309
2194,2020968996924
2195,2020904402948
2196,20221921576495
2197,20221769888249
2198,20221926991438
2199,2020902273310
2200,20221699234642
2201,20211112372220
2202,20221812942496
2203,20221926991690
2204,20211432994258
2205,20222065826036
2206,20211490937631
2207,20201044652797
2208,20221824181685
2209,20221926992146
2210,20222065826083
2211,20211403232599
2212,20232136101693
2213,2020915646021
2214,2020960703789
2215,20221620161045
2216,20211308506073
2217,20211141729746
2218,20211509805739
2219,20211490939124
2220,20201007121389
2221,20221743650871
2222,2020956110843
2223,20232110885760
2224,20221856997607
2225,2020956111594
2226,20221602460080
2227,20211432994245
2228,2018688305797
2229,20222061430383
2230,20222035609252
2231,20201007121930
2232,20221716549331
2233,20221586379181
2234,20211432992925
2235,20221664093366
2236,DMQ7578849698
2237,20221541148261
2238,2020910960200
2239,20211467925809
2240,20222065826055
2241,2019748809624
2242,20211467925848
2243,2020956110842
2244,20221653541149
2245,20221926991931
2246,2020942969732
2247,20211308506080
2248,2018688305726
2249,20211086555452
2250,20221926991586
2251,20221530517991
2252,20221856997591
2253,20211479582554
2254,2018676398625
2255,20211445830407
2256,20221980942235
2257,20221541150695
2258,20211418239430
2259,20221881658606
2260,2020910961583
2261,20221840381104
2262,20221769887926
2263,20232110883736
2264,20211157696874
2265,20221840381195
2266,2020921228629
2267,20211509804126
2268,20211182260203
2269,20221785781434
2270,20211403233106
2271,20232136102183
2272,20211432993920
2273,20211141730909
2274,20232074768682
2275,20221541150173
2276,20221541150174
2277,2020904402949
2278,DMQ7579192979
2279,20221653541094
2280,20221727779002
2281,20211403232581
2282,20232110885762
2283,20232085104499
2284,20211270778270
2285,20221824183155
2286,20211383738234
2287,20221519063235
2288,20211479581538
2289,20211509804682
2290,20211308505731
2291,20201032041765
2292,20221792228126
2293,20211467925811
2294,20221664093427
2295,20232110883729
2296,20221980941874
2297,20211392502675
2298,20221867848041
2299,2020939122417
2300,20221975203441
2301,20211445832564
2302,20222020417166
2303,20211141730902
2304,20201007121334
2305,20221758664944
2306,20211461826013
2307,20211161378078
2308,2020897738140
2309,20211270777414
2310,20221699240359
2311,20221631040130
2312,2020897739731
2313,20221926991641
2314,20221743651013
2315,20221743652065
2316,20221646881869
2317,20222024521908
2318,20232110883713
2319,2020904401754
2320,2020960704976
2321,20221824184646
2322,20222061430449
2323,20221586379697
2324,20211445832103
2325,20221727779055
2326,20221867848022
2327,20221975204469
2328,20221785781815
2329,20221609202280
2330,20221631040203
2331,20221653541095
2332,DMQ7579261486
2333,2020921228505
2334,20211445832566
2335,20232074769194
2336,2019752532108
2337,20221684910961
2338,20221792228219
2339,2020987451703
2340,20222035609045
2341,20201032040835
2342,20221519063825
2343,20211424122735
2344,20221758665502
2345,20221938313505
2346,DMC7579197201
2347,20221541149128
2348,2018693319518
2349,20221980940537
2350,20221519062034
2351,20221586378283
2352,20221530518834
2353,20211445830758
2354,2020902274193
2355,20221541149054
2356,20201032040082
2357,20221620159680
2358,20211479582523
2359,20232074769483
2360,20211424122859
2361,2020968997971
2362,20221563883015
2363,20221684910962
2364,20211086555450
2365,20232136102371
2366,20222019091130
2367,20211383740758
2368,20232074769469
2369,2019709375363
2370,20232194198704
2371,20221802925512
2372,20221727779058
2373,20211383740771
2374,20221727779069
2375,20221541149602
2376,2020951594756
2377,20221609202302
2378,20221758665742
2379,2020853399553
2380,20221673372929
2381,20221980940466
2382,20222024521649
2383,20221519063894
2384,2020968997961
2385,20232110885764
2386,20221792228167
2387,20201044652041
2388,2019715883756
2389,20211509805309
2390,20232136102174
2391,20211479582542
2392,2020935257000
2393,20222024521651
2394,2018673439674
2395,20211392501381
2396,20221699241348
2397,20221602460094
2398,20211383741117
2399,20221586379591
2400,20211403233432
2401,20221769886011
2402,20211505124522
2403,20211418242974
2404,20211099052232
2405,20221743652724
2406,20221609202295
2407,20221975205346
2408,2020907530829
2409,20201032040081
2410,2018685329576
2411,20211157696385
2412,20211461826001
2413,20221812942135
2414,20211308505901
2415,20211383739120
2416,2020904401209
2417,2020921227798
2418,20211490937627
2419,2020968996503
2420,20221746517943
2421,20221586379179
2422,2020858948148
2423,20211270777520
2424,20211336680067
2425,20222024521624
2426,20221653541185
2427,20232177830578
2428,20222035610659
2429,20221575928247
2430,DMQ7579249351
2431,DMC7579197200
2432,20211308506099
2433,20222065826070
2434,20221541148465
2435,20221653539072
2436,20221926991759
2437,20221716549881
2438,20211112373104
2439,20232095317958
2440,20211479582548
2441,20211392502698
2442,20221792228188
2443,20211418239678
2444,20221620161046
2445,2020917755148
2446,20221575928508
2447,20221980942200
2448,2020951593480
2449,2020960706051
2450,20211509805330
2451,20211509805738
2452,20211424122741
2453,20211085393647
2454,20221602460518
2455,2020931866641
2456,20232074769565
2457,20221926991736
2458,20211490937660
2459,20211086558034
2460,20211164418580
2461,2020915647680
2462,20222035611478
2463,20211445832324
2464,20221921576820
2465,20211509805022
2466,20211467925808
2467,20232095316702
2468,DMQ7579237325
2469,2018692352090
2470,2020902273318
2471,20221586379177
2472,20221519063026
2473,DMQ7579262618
2474,20221716549391
2475,20221684910905
2476,20221653541191
2477,2019743522843
2478,20211461826008
2479,20221599239345
2480,20211445831106
2481,20211182262099
2482,20211424122970
2483,2020902273917
2484,20232095317121
2485,20201032041767
2486,20211086558035
2487,20221975204999
2488,20221921574952
2489,20221563884594
2490,20211432994251
2491,20221684910548
2492,20221541150649
2493,20211383740759
